GAME_ID,TEAM_ID,TEAM_CITY,TEAM_NAME,PLAYER_ID,FIRST_NAME,LAST_NAME,MINUTES,FGM,FGA,FG%,3PM,3PA,3P%,FTM,FTA,FT%,OREB,DREB,TREB,AST,STL,BLK,TO,PTS,+/-,estimatedOffensiveRating,offensiveRating,estimatedDefensiveRating,defensiveRating,estimatedNetRating,netRating,assistPercentage,assistToTurnover,assistRatio,offensiveReboundPercentage,defensiveReboundPercentage,reboundPercentage,turnoverRatio,effectiveFieldGoalPercentage,trueShootingPercentage,usagePercentage,estimatedUsagePercentage,estimatedPace,pace,pacePer40,possessions,PIE
0022400700,1610612764,Washington,Wizards,1642273,Kyshawn,George,18:13,2,4,0.5,2,4,0.5,0,0,0.0,2,2,4,1,0,1,0,6,1.0,117.7,113.2,111.0,110.5,6.8,2.6,0.077,0.0,20.0,0.091,0.111,0.1,0.0,0.75,0.75,0.091,0.094,97.97,100.13,83.44,38.0,0.056
0022400700,1610612764,Washington,Wizards,1628398,Kyle,Kuzma,30:33,8,21,0.381,3,13,0.231,3,3,1.0,1,3,4,2,1,0,2,22,-7.0,109.0,105.9,114.7,116.2,-5.7,-10.3,0.118,1.0,7.7,0.023,0.103,0.056,7.7,0.452,0.493,0.304,0.312,105.99,106.84,89.03,68.0,0.092
0022400700,1610612764,Washington,Wizards,202685,Jonas,Valančiūnas,28:40,6,14,0.429,0,1,0.0,2,3,0.667,8,9,17,4,0,0,1,14,-4.0,120.1,118.0,125.2,128.8,-5.2,-10.8,0.19,4.0,20.0,0.216,0.346,0.27,5.0,0.429,0.457,0.222,0.225,101.0,100.47,83.72,61.0,0.121
0022400700,1610612764,Washington,Wizards,1641731,Bilal,Coulibaly,37:16,9,16,0.563,4,8,0.5,4,5,0.8,0,5,5,3,2,0,0,26,-5.0,118.3,114.8,123.2,125.6,-4.9,-10.8,0.12,0.0,14.3,0.0,0.135,0.06,0.0,0.688,0.714,0.191,0.197,101.86,102.4,85.33,81.0,0.141
0022400700,1610612764,Washington,Wizards,1629673,Jordan,Poole,31:38,2,11,0.182,2,8,0.25,0,0,0.0,0,3,3,6,1,2,3,6,-4.0,119.3,116.4,123.0,126.2,-3.7,-9.7,0.222,2.0,30.0,0.0,0.097,0.043,15.0,0.273,0.273,0.175,0.179,100.21,100.15,83.46,67.0,0.02
0022400700,1610612764,Washington,Wizards,1630557,Corey,Kispert,28:35,9,13,0.692,5,9,0.556,2,2,1.0,2,2,4,4,1,0,2,25,20.0,135.4,136.1,101.2,105.0,34.3,31.1,0.19,2.0,20.0,0.063,0.065,0.063,10.0,0.885,0.901,0.219,0.218,103.75,101.6,84.66,61.0,0.171
0022400700,1610612764,Washington,Wizards,1642267,Bub,Carrington,12:20,2,6,0.333,0,3,0.0,0,0,0.0,1,0,1,1,0,0,0,4,-2.0,109.0,112.5,123.7,126.1,-14.7,-13.6,0.111,0.0,14.3,0.067,0.0,0.033,0.0,0.333,0.333,0.2,0.195,93.79,91.46,76.22,24.0,0.029
0022400700,1610612764,Washington,Wizards,1626158,Richaun,Holmes,18:40,0,2,0.0,0,1,0.0,0,0,0.0,3,7,10,1,0,0,0,0,13.0,123.5,121.4,93.5,95.0,30.0,26.4,0.059,0.0,33.3,0.143,0.318,0.233,0.0,0.0,0.0,0.041,0.041,105.33,105.43,87.86,42.0,0.056
0022400700,1610612764,Washington,Wizards,1627763,Malcolm,Brogdon,21:33,4,9,0.444,0,2,0.0,8,10,0.8,1,3,4,7,0,0,2,16,12.0,121.7,120.4,98.2,100.0,23.5,20.4,0.467,3.5,31.8,0.038,0.125,0.08,9.1,0.444,0.597,0.273,0.275,107.27,106.91,89.1,49.0,0.176
0022400700,1610612764,Washington,Wizards,1630551,Justin,Champagnie,12:32,2,3,0.667,1,2,0.5,0,0,0.0,0,2,2,0,1,2,0,5,26.0,148.5,144.8,55.6,57.1,92.9,87.7,0.0,0.0,0.0,0.0,0.118,0.065,0.0,0.833,0.833,0.088,0.09,109.23,109.15,90.96,29.0,0.165
0022400700,1610612764,Washington,Wizards,1631098,Johnny,Davis,,0,0,0.0,0,0,0.0,0,0,0.0,0,0,0,0,0,0,0,0,0.0,0.0,0.0,0.0,0.0,0.0,0.0,0.0,0.0,0.0,0.0,0.0,0.0,0.0,0.0,0.0,0.0,0.0,0.0,0.0,0.0,0.0,0.0
0022400700,1610612764,Washington,Wizards,1630264,Anthony,Gill,,0,0,0.0,0,0,0.0,0,0,0.0,0,0,0,0,0,0,0,0,0.0,0.0,0.0,0.0,0.0,0.0,0.0,0.0,0.0,0.0,0.0,0.0,0.0,0.0,0.0,0.0,0.0,0.0,0.0,0.0,0.0,0.0,0.0
0022400700,1610612764,Washington,Wizards,1641774,Tristan,Vukcevic,,0,0,0.0,0,0,0.0,0,0,0.0,0,0,0,0,0,0,0,0,0.0,0.0,0.0,0.0,0.0,0.0,0.0,0.0,0.0,0.0,0.0,0.0,0.0,0.0,0.0,0.0,0.0,0.0,0.0,0.0,0.0,0.0,0.0
0022400700,1610612766,Charlotte,Hornets,1630182,Josh,Green,36:51,4,7,0.571,1,3,0.333,2,3,0.667,0,3,3,1,2,0,1,11,10.0,124.7,127.3,114.7,111.4,10.0,15.9,0.033,1.0,10.0,0.0,0.065,0.036,10.0,0.643,0.661,0.103,0.103,101.13,101.6,84.67,77.0,0.05
0022400700,1610612766,Charlotte,Hornets,1628970,Miles,Bridges,36:42,9,21,0.429,2,7,0.286,4,4,1.0,3,7,10,10,0,0,2,24,12.0,124.7,127.3,111.5,108.9,13.3,18.4,0.4,5.0,28.6,0.086,0.156,0.125,5.7,0.476,0.527,0.287,0.286,101.83,102.02,85.01,77.0,0.164
0022400700,1610612766,Charlotte,Hornets,1631109,Mark,Williams,32:09,7,12,0.583,0,0,0.0,9,10,0.9,2,12,14,2,1,1,0,23,2.0,116.7,119.4,119.3,113.0,-2.6,6.4,0.105,0.0,11.1,0.063,0.261,0.179,0.0,0.583,0.701,0.216,0.215,100.03,101.55,84.63,67.0,0.213
0022400700,1610612766,Charlotte,Hornets,1641733,Nick,Smith Jr.,38:54,9,16,0.563,4,7,0.571,2,2,1.0,1,3,4,2,1,0,2,24,-11.0,109.8,111.0,125.4,121.4,-15.6,-10.5,0.095,1.0,9.5,0.026,0.061,0.046,9.5,0.688,0.711,0.216,0.216,101.33,102.42,85.35,82.0,0.097
0022400700,1610612766,Charlotte,Hornets,203995,Vasilije,Micić,28:30,4,14,0.286,3,4,0.75,2,2,1.0,0,3,3,5,0,0,0,13,-14.0,107.8,106.6,129.2,127.4,-21.3,-20.9,0.278,0.0,25.0,0.0,0.088,0.048,0.0,0.393,0.437,0.231,0.237,102.27,103.58,86.32,61.0,0.07
0022400700,1610612766,Charlotte,Hornets,1642354,KJ,Simpson,24:12,3,10,0.3,0,4,0.0,3,3,1.0,1,3,4,1,0,0,1,9,-4.0,105.8,110.2,115.4,111.5,-9.6,-1.3,0.063,1.0,7.7,0.037,0.094,0.068,7.7,0.3,0.398,0.214,0.21,100.48,100.17,83.47,49.0,0.027
0022400700,1610612766,Charlotte,Hornets,203552,Seth,Curry,8:59,0,1,0.0,0,0,0.0,0,0,0.0,0,0,0,2,0,0,1,0,1.0,112.5,121.1,106.0,110.0,6.6,11.1,0.222,2.0,50.0,0.0,0.0,0.0,25.0,0.0,0.0,0.083,0.082,110.07,104.19,86.83,19.0,0.0
0022400700,1610612766,Charlotte,Hornets,1631217,Moussa,Diabaté,16:23,1,2,0.5,0,0,0.0,3,4,0.75,2,5,7,1,0,0,1,5,-12.0,97.8,100.0,122.0,124.3,-24.1,-24.3,0.083,1.0,16.7,0.111,0.333,0.212,16.7,0.5,0.665,0.132,0.132,106.23,104.06,86.72,34.0,0.113
0022400700,1610612766,Charlotte,Hornets,1629610,DaQuan,Jeffries,11:52,1,4,0.25,0,3,0.0,0,0,0.0,0,1,1,1,0,0,0,2,-25.0,59.8,61.5,149.6,151.9,-89.8,-90.3,0.25,0.0,20.0,0.0,0.077,0.036,0.0,0.25,0.25,0.148,0.149,109.54,107.19,89.33,26.0,-0.021
0022400700,1610612766,Charlotte,Hornets,1631209,Isaiah,Wong,5:29,1,2,0.5,1,1,1.0,0,0,0.0,0,0,0,1,0,0,2,3,-9.0,74.5,78.6,158.2,153.8,-83.7,-75.3,0.5,0.5,20.0,0.0,0.0,0.0,40.0,0.75,0.75,0.267,0.271,119.93,118.18,98.48,14.0,0.0
0022400700,1610612766,Charlotte,Hornets,201959,Taj,Gibson,,0,0,0.0,0,0,0.0,0,0,0.0,0,0,0,0,0,0,0,0,0.0,0.0,0.0,0.0,0.0,0.0,0.0,0.0,0.0,0.0,0.0,0.0,0.0,0.0,0.0,0.0,0.0,0.0,0.0,0.0,0.0,0.0,0.0
0022400700,1610612766,Charlotte,Hornets,1629684,Grant,Williams,,0,0,0.0,0,0,0.0,0,0,0.0,0,0,0,0,0,0,0,0,0.0,0.0,0.0,0.0,0.0,0.0,0.0,0.0,0.0,0.0,0.0,0.0,0.0,0.0,0.0,0.0,0.0,0.0,0.0,0.0,0.0,0.0,0.0
0022400701,1610612737,Atlanta,Hawks,1642258,Zaccharie,Risacher,25:40,5,9,0.556,2,6,0.333,5,6,0.833,0,3,3,2,1,0,0,17,3.0,120.5,123.7,122.5,118.6,-1.9,5.1,0.111,0.0,15.4,0.0,0.125,0.065,0.0,0.667,0.73,0.18,0.179,110.08,110.34,91.95,59.0,0.125
0022400701,1610612737,Atlanta,Hawks,1629631,De'Andre,Hunter,30:44,7,14,0.5,4,8,0.5,2,2,1.0,0,0,0,0,0,0,0,20,-4.0,121.4,122.1,129.9,127.9,-8.4,-5.9,0.0,0.0,0.0,0.0,0.0,0.0,0.0,0.643,0.672,0.208,0.21,105.7,106.2,88.5,68.0,0.056
0022400701,1610612737,Atlanta,Hawks,1630168,Onyeka,Okongwu,28:08,5,7,0.714,0,1,0.0,2,2,1.0,1,7,8,1,0,2,1,12,-10.0,116.4,115.6,135.9,133.3,-19.5,-17.7,0.053,1.0,11.1,0.043,0.318,0.178,11.1,0.714,0.761,0.119,0.122,106.94,108.34,90.28,64.0,0.101
0022400701,1610612737,Atlanta,Hawks,1630700,Dyson,Daniels,36:25,6,10,0.6,1,1,1.0,6,10,0.6,1,5,6,7,4,3,4,19,-9.0,118.3,117.5,130.4,128.8,-12.1,-11.3,0.28,1.75,26.9,0.031,0.156,0.094,15.4,0.65,0.66,0.226,0.23,104.42,105.45,87.87,80.0,0.115
0022400701,1610612737,Atlanta,Hawks,1629027,Trae,Young,34:56,9,16,0.563,4,8,0.5,12,14,0.857,0,0,0,9,0,0,5,34,-11.0,117.6,116.5,135.7,133.8,-18.1,-17.3,0.45,1.8,25.0,0.0,0.0,0.0,13.9,0.688,0.767,0.325,0.328,105.84,107.16,89.3,79.0,0.132
0022400701,1610612737,Atlanta,Hawks,1630811,Keaton,Wallace,13:04,0,2,0.0,0,0,0.0,2,2,1.0,0,0,0,4,0,0,1,2,13.0,138.1,142.9,97.0,93.1,41.1,49.8,0.308,4.0,50.0,0.0,0.0,0.0,12.5,0.0,0.347,0.129,0.134,104.38,104.75,87.29,28.0,0.0
0022400701,1610612737,Atlanta,Hawks,1626204,Larry,Nance Jr.,19:52,5,8,0.625,2,4,0.5,0,0,0.0,2,8,10,2,1,0,0,12,12.0,133.0,138.1,109.7,107.0,23.3,31.1,0.154,0.0,20.0,0.091,0.4,0.238,0.0,0.75,0.75,0.174,0.172,103.31,102.68,85.57,42.0,0.217
0022400701,1610612737,Atlanta,Hawks,1630249,Vít,Krejčí,28:18,5,9,0.556,3,6,0.5,0,0,0.0,0,4,4,2,1,1,1,13,0.0,127.4,128.3,129.3,124.2,-1.9,4.1,0.111,2.0,16.7,0.0,0.154,0.073,8.3,0.722,0.722,0.154,0.155,101.77,103.46,86.22,60.0,0.096
0022400701,1610612737,Atlanta,Hawks,1629726,Garrison,Mathews,11:35,0,5,0.0,0,3,0.0,3,3,1.0,0,4,4,0,1,0,0,3,11.0,137.1,146.2,109.2,103.8,27.9,42.3,0.0,0.0,0.0,0.0,0.4,0.174,0.0,0.0,0.237,0.207,0.202,108.65,107.74,89.78,26.0,0.0
0022400701,1610612737,Atlanta,Hawks,1631230,Dominick,Barlow,11:18,0,1,0.0,0,0,0.0,0,0,0.0,1,1,2,0,0,1,0,0,5.0,124.2,124.0,109.6,104.0,14.6,20.0,0.0,0.0,0.0,0.071,0.091,0.08,0.0,0.0,0.0,0.036,0.037,103.39,106.19,88.5,25.0,0.0
0022400701,1610612737,Atlanta,Hawks,1631243,Mouhamed,Gueye,,0,0,0.0,0,0,0.0,0,0,0.0,0,0,0,0,0,0,0,0,0.0,0.0,0.0,0.0,0.0,0.0,0.0,0.0,0.0,0.0,0.0,0.0,0.0,0.0,0.0,0.0,0.0,0.0,0.0,0.0,0.0,0.0,0.0
0022400701,1610612737,Atlanta,Hawks,1631223,David,Roddy,,0,0,0.0,0,0,0.0,0,0,0.0,0,0,0,0,0,0,0,0,0.0,0.0,0.0,0.0,0.0,0.0,0.0,0.0,0.0,0.0,0.0,0.0,0.0,0.0,0.0,0.0,0.0,0.0,0.0,0.0,0.0,0.0,0.0
0022400701,1610612765,Detroit,Pistons,1641709,Ausar,Thompson,25:25,4,6,0.667,0,0,0.0,5,6,0.833,0,4,4,4,3,0,3,13,2.0,130.1,131.5,123.4,123.2,6.7,8.3,0.211,1.33,25.0,0.0,0.182,0.103,18.8,0.667,0.752,0.207,0.205,104.32,103.87,86.56,54.0,0.099
0022400701,1610612765,Detroit,Pistons,202699,Tobias,Harris,35:14,8,13,0.615,0,3,0.0,6,7,0.857,0,4,4,2,1,0,0,22,12.0,133.6,132.1,116.4,116.7,17.2,15.4,0.069,0.0,11.1,0.0,0.133,0.067,0.0,0.615,0.684,0.184,0.186,105.8,106.26,88.55,78.0,0.109
0022400701,1610612765,Detroit,Pistons,1631105,Jalen,Duren,28:39,8,10,0.8,0,0,0.0,2,2,1.0,3,6,9,1,0,2,2,18,7.0,133.8,129.2,117.4,118.5,16.3,10.8,0.045,0.5,7.1,0.125,0.261,0.191,14.3,0.8,0.827,0.181,0.186,107.53,108.9,90.75,65.0,0.136
0022400701,1610612765,Detroit,Pistons,203501,Tim,Hardaway Jr.,26:58,2,7,0.286,1,4,0.25,2,2,1.0,2,0,2,4,0,0,1,7,13.0,135.9,131.3,115.1,116.4,20.8,14.9,0.143,4.0,30.8,0.083,0.0,0.043,7.7,0.357,0.444,0.127,0.131,109.9,111.25,92.71,64.0,0.02
0022400701,1610612765,Detroit,Pistons,1630595,Cade,Cunningham,38:05,8,23,0.348,1,6,0.167,13,13,1.0,1,5,6,14,0,0,3,30,10.0,134.6,131.8,123.9,122.9,10.7,8.9,0.467,4.67,31.1,0.03,0.147,0.09,6.7,0.37,0.522,0.326,0.333,104.31,105.87,88.23,85.0,0.144
0022400701,1610612765,Detroit,Pistons,1627736,Malik,Beasley,24:28,6,11,0.545,6,10,0.6,0,0,0.0,1,4,5,2,2,0,1,18,-9.0,115.3,109.3,123.4,125.9,-8.0,-16.7,0.143,2.0,14.3,0.038,0.167,0.1,7.1,0.818,0.818,0.2,0.21,104.25,105.94,88.28,54.0,0.145
0022400701,1610612765,Detroit,Pistons,1630191,Isaiah,Stewart,19:21,4,6,0.667,0,0,0.0,2,3,0.667,3,2,5,1,0,0,0,10,-9.0,112.4,109.5,132.2,134.1,-19.8,-24.6,0.111,0.0,12.5,0.167,0.091,0.125,0.0,0.667,0.683,0.156,0.159,102.35,102.95,85.79,42.0,0.139
0022400701,1610612765,Detroit,Pistons,1631323,Simone,Fontecchio,16:15,1,3,0.333,0,2,0.0,2,2,1.0,0,0,0,0,0,0,0,4,-11.0,116.1,111.4,143.5,138.9,-27.4,-27.5,0.0,0.0,0.0,0.0,0.0,0.0,0.0,0.333,0.515,0.108,0.112,101.08,104.86,87.38,35.0,0.0
0022400701,1610612765,Detroit,Pistons,1631204,Marcus,Sasser,9:55,0,1,0.0,0,0,0.0,2,2,1.0,0,3,3,2,1,0,2,2,-12.0,87.7,85.7,120.8,130.4,-33.1,-44.7,0.4,1.0,33.3,0.0,0.273,0.15,33.3,0.0,0.532,0.19,0.195,109.78,106.49,88.74,21.0,0.113
0022400701,1610612765,Detroit,Pistons,1641842,Ronald,Holland II,15:40,2,3,0.667,1,2,0.5,1,1,1.0,0,3,3,1,0,0,2,6,-13.0,103.3,100.0,131.6,138.2,-28.3,-38.2,0.167,0.5,16.7,0.0,0.158,0.088,33.3,0.833,0.872,0.139,0.143,105.15,104.17,86.81,34.0,0.064
0022400701,1610612765,Detroit,Pistons,1631111,Wendell,Moore Jr.,,0,0,0.0,0,0,0.0,0,0,0.0,0,0,0,0,0,0,0,0,0.0,0.0,0.0,0.0,0.0,0.0,0.0,0.0,0.0,0.0,0.0,0.0,0.0,0.0,0.0,0.0,0.0,0.0,0.0,0.0,0.0,0.0,0.0
0022400701,1610612765,Detroit,Pistons,1630194,Paul,Reed,,0,0,0.0,0,0,0.0,0,0,0.0,0,0,0,0,0,0,0,0,0.0,0.0,0.0,0.0,0.0,0.0,0.0,0.0,0.0,0.0,0.0,0.0,0.0,0.0,0.0,0.0,0.0,0.0,0.0,0.0,0.0,0.0,0.0
0022400702,1610612745,Houston,Rockets,1628415,Dillon,Brooks,39:52,4,12,0.333,1,3,0.333,2,2,1.0,3,3,6,1,2,0,1,11,-13.0,97.8,102.3,110.5,117.2,-12.6,-14.9,0.029,1.0,6.7,0.061,0.07,0.065,6.7,0.375,0.427,0.128,0.131,110.33,104.74,87.29,87.0,0.03
0022400702,1610612745,Houston,Rockets,1631106,Tari,Eason,33:41,5,11,0.455,1,2,0.5,1,1,1.0,3,3,6,1,1,3,1,12,-17.0,106.1,111.4,123.0,130.1,-16.9,-18.7,0.036,1.0,7.7,0.077,0.1,0.087,7.7,0.5,0.524,0.135,0.137,107.42,101.89,84.91,70.0,0.068
0022400702,1610612745,Houston,Rockets,1630256,Jae'Sean,Tate,21:31,4,7,0.571,0,1,0.0,0,0,0.0,1,0,1,6,1,0,0,8,-24.0,108.6,106.7,135.4,146.9,-26.8,-40.3,0.353,0.0,46.2,0.045,0.0,0.025,0.0,0.571,0.571,0.132,0.137,108.56,104.82,87.35,45.0,0.082
0022400702,1610612745,Houston,Rockets,1630224,Jalen,Green,36:12,9,22,0.409,1,8,0.125,2,2,1.0,1,4,5,5,0,0,6,21,-22.0,101.3,105.3,126.1,134.7,-24.7,-29.3,0.208,0.83,14.7,0.024,0.121,0.068,17.6,0.432,0.459,0.312,0.315,104.83,99.47,82.89,75.0,0.068
0022400702,1610612745,Houston,Rockets,1641708,Amen,Thompson,37:00,9,17,0.529,0,2,0.0,7,7,1.0,4,7,11,11,2,1,3,25,-4.0,109.8,114.6,120.3,121.0,-10.5,-6.4,0.393,3.67,32.4,0.089,0.219,0.143,8.8,0.529,0.623,0.219,0.224,108.38,105.73,88.11,82.0,0.184
0022400702,1610612745,Houston,Rockets,203500,Steven,Adams,26:29,4,9,0.444,0,0,0.0,0,0,0.0,7,6,13,1,0,1,1,8,18.0,110.4,114.8,96.2,96.3,14.2,18.5,0.043,1.0,9.1,0.2,0.188,0.194,9.1,0.444,0.444,0.127,0.131,106.45,104.24,86.87,61.0,0.095
0022400702,1610612745,Houston,Rockets,1628988,Aaron,Holiday,16:52,6,10,0.6,3,7,0.429,0,0,0.0,0,2,2,0,0,0,1,15,4.0,135.5,134.2,123.9,120.5,11.5,13.7,0.0,0.0,0.0,0.0,0.1,0.049,9.1,0.75,0.75,0.229,0.236,107.57,109.62,91.35,38.0,0.08
0022400702,1610612745,Houston,Rockets,1641715,Cam,Whitmore,22:40,7,14,0.5,2,4,0.5,2,3,0.667,0,5,5,1,2,1,1,18,9.0,117.1,118.4,94.7,98.0,22.4,20.4,0.063,1.0,5.9,0.0,0.161,0.088,5.9,0.571,0.587,0.276,0.278,107.2,104.83,87.36,49.0,0.184
0022400702,1610612745,Houston,Rockets,1642263,Reed,Sheppard,5:44,0,2,0.0,0,1,0.0,0,0,0.0,1,0,1,1,0,0,1,0,19.0,151.3,164.3,30.8,33.3,120.5,131.0,0.125,1.0,25.0,0.143,0.0,0.056,25.0,0.0,0.0,0.176,0.174,118.05,108.84,90.7,14.0,-0.062
0022400702,1610612745,Houston,Rockets,201145,Jeff,Green,,0,0,0.0,0,0,0.0,0,0,0.0,0,0,0,0,0,0,0,0,0.0,0.0,0.0,0.0,0.0,0.0,0.0,0.0,0.0,0.0,0.0,0.0,0.0,0.0,0.0,0.0,0.0,0.0,0.0,0.0,0.0,0.0,0.0
0022400702,1610612745,Houston,Rockets,1629111,Jock,Landale,,0,0,0.0,0,0,0.0,0,0,0.0,0,0,0,0,0,0,0,0,0.0,0.0,0.0,0.0,0.0,0.0,0.0,0.0,0.0,0.0,0.0,0.0,0.0,0.0,0.0,0.0,0.0,0.0,0.0,0.0,0.0,0.0,0.0
0022400702,1610612745,Houston,Rockets,1630578,Alperen,Sengun,,0,0,0.0,0,0,0.0,0,0,0.0,0,0,0,0,0,0,0,0,0.0,0.0,0.0,0.0,0.0,0.0,0.0,0.0,0.0,0.0,0.0,0.0,0.0,0.0,0.0,0.0,0.0,0.0,0.0,0.0,0.0,0.0,0.0
0022400702,1610612745,Houston,Rockets,1631095,Jabari,Smith Jr.,,0,0,0.0,0,0,0.0,0,0,0.0,0,0,0,0,0,0,0,0,0.0,0.0,0.0,0.0,0.0,0.0,0.0,0.0,0.0,0.0,0.0,0.0,0.0,0.0,0.0,0.0,0.0,0.0,0.0,0.0,0.0,0.0,0.0
0022400702,1610612745,Houston,Rockets,1627832,Fred,VanVleet,,0,0,0.0,0,0,0.0,0,0,0.0,0,0,0,0,0,0,0,0,0.0,0.0,0.0,0.0,0.0,0.0,0.0,0.0,0.0,0.0,0.0,0.0,0.0,0.0,0.0,0.0,0.0,0.0,0.0,0.0,0.0,0.0,0.0
0022400702,1610612745,Houston,Rockets,1631466,Nate,Williams,,0,0,0.0,0,0,0.0,0,0,0.0,0,0,0,0,0,0,0,0,0.0,0.0,0.0,0.0,0.0,0.0,0.0,0.0,0.0,0.0,0.0,0.0,0.0,0.0,0.0,0.0,0.0,0.0,0.0,0.0,0.0,0.0,0.0
0022400702,1610612752,New York,Knicks,1630173,Precious,Achiuwa,34:28,2,3,0.667,0,0,0.0,3,4,0.75,3,6,9,0,2,0,0,7,4.0,113.5,114.7,107.8,110.8,5.7,3.9,0.0,0.0,0.0,0.086,0.146,0.118,0.0,0.667,0.735,0.057,0.059,105.76,103.75,86.46,75.0,0.088
0022400702,1610612752,New York,Knicks,1628404,Josh,Hart,40:04,8,12,0.667,0,1,0.0,3,3,1.0,2,6,8,5,1,1,4,19,-2.0,112.5,118.6,113.9,118.2,-1.5,0.4,0.161,1.25,22.7,0.051,0.14,0.098,18.2,0.667,0.713,0.17,0.171,108.99,104.23,86.86,86.0,0.127
0022400702,1610612752,New York,Knicks,1626157,Karl-Anthony,Towns,38:29,9,20,0.45,1,5,0.2,3,5,0.6,2,7,9,2,1,1,1,22,16.0,118.8,126.5,105.5,108.5,13.4,18.0,0.061,2.0,8.0,0.053,0.159,0.11,4.0,0.475,0.495,0.235,0.234,107.73,102.89,85.74,83.0,0.08
0022400702,1610612752,New York,Knicks,1628969,Mikal,Bridges,39:17,9,18,0.5,2,7,0.286,2,4,0.5,1,2,3,4,1,2,1,22,29.0,130.0,138.1,100.0,102.4,30.0,35.7,0.118,4.0,16.7,0.028,0.043,0.037,4.2,0.556,0.557,0.204,0.204,107.62,103.25,86.04,84.0,0.106
0022400702,1610612752,New York,Knicks,1628973,Jalen,Brunson,36:47,14,27,0.519,1,4,0.25,13,14,0.929,2,4,6,10,2,0,4,42,12.0,125.6,132.1,112.7,116.7,12.9,15.4,0.4,2.5,21.3,0.059,0.098,0.08,8.5,0.537,0.633,0.407,0.407,106.19,101.8,84.84,78.0,0.235
0022400702,1610612752,New York,Knicks,1630574,Ariel,Hukporti,8:25,0,0,0.0,0,0,0.0,0,0,0.0,1,1,2,0,0,1,0,0,-14.0,80.2,86.7,148.4,150.0,-68.1,-63.3,0.0,0.0,0.0,0.083,0.1,0.091,0.0,0.0,0.0,0.0,0.0,98.07,94.08,78.4,15.0,-0.055
0022400702,1610612752,New York,Knicks,1630540,Miles,McBride,25:34,3,7,0.429,1,4,0.25,0,0,0.0,0,1,1,1,1,0,1,7,-2.0,112.2,117.9,111.2,117.2,1.1,0.6,0.05,1.0,11.1,0.0,0.029,0.016,11.1,0.5,0.5,0.121,0.123,112.59,106.99,89.16,56.0,0.038
0022400702,1610612752,New York,Knicks,1629013,Landry,Shamet,5:41,0,1,0.0,0,1,0.0,0,0,0.0,1,0,1,0,0,0,0,0,-11.0,33.3,33.3,112.6,115.4,-79.3,-82.1,0.0,0.0,0.0,0.091,0.0,0.048,0.0,0.0,0.0,0.063,0.067,106.92,105.57,87.98,12.0,-0.033
0022400702,1610612752,New York,Knicks,1626166,Cameron,Payne,11:03,2,5,0.4,1,4,0.25,0,0,0.0,0,1,1,2,1,0,0,5,-2.0,89.4,92.6,108.5,112.5,-19.1,-19.9,0.333,0.0,28.6,0.0,0.071,0.033,0.0,0.5,0.5,0.156,0.161,114.7,110.7,92.25,27.0,0.138
0022400702,1610612752,New York,Knicks,1630579,Jericho,Sims,0:11,0,0,0.0,0,0,0.0,0,0,0.0,0,0,0,0,0,0,0,0,0.0,0.0,0.0,0.0,0.0,0.0,0.0,0.0,0.0,0.0,0.0,0.0,0.0,0.0,0.0,0.0,0.0,0.0,127.43,127.43,106.19,0.0,0.0
0022400702,1610612752,New York,Knicks,1642278,Tyler,Kolek,,0,0,0.0,0,0,0.0,0,0,0.0,0,0,0,0,0,0,0,0,0.0,0.0,0.0,0.0,0.0,0.0,0.0,0.0,0.0,0.0,0.0,0.0,0.0,0.0,0.0,0.0,0.0,0.0,0.0,0.0,0.0,0.0,0.0
0022400702,1610612752,New York,Knicks,1630346,Matt,Ryan,,0,0,0.0,0,0,0.0,0,0,0.0,0,0,0,0,0,0,0,0,0.0,0.0,0.0,0.0,0.0,0.0,0.0,0.0,0.0,0.0,0.0,0.0,0.0,0.0,0.0,0.0,0.0,0.0,0.0,0.0,0.0,0.0,0.0
0022400703,1610612759,San Antonio,Spurs,1642264,Stephon,Castle,28:08,9,17,0.529,2,5,0.4,1,3,0.333,1,5,6,5,1,0,5,21,-5.0,100.9,98.6,106.1,107.2,-5.3,-8.7,0.278,1.0,17.9,0.031,0.152,0.092,17.9,0.588,0.573,0.295,0.313,117.85,118.6,98.83,70.0,0.113
0022400703,1610612759,San Antonio,Spurs,203084,Harrison,Barnes,27:00,2,3,0.667,0,1,0.0,0,0,0.0,0,5,5,0,0,0,2,4,-20.0,82.9,82.8,111.1,114.1,-28.2,-31.3,0.0,0.0,0.0,0.0,0.156,0.082,40.0,0.667,0.667,0.074,0.075,115.27,113.78,94.81,64.0,0.04
0022400703,1610612759,San Antonio,Spurs,1641705,Victor,Wembanyama,31:08,10,20,0.5,2,6,0.333,5,7,0.714,2,8,10,5,2,2,4,27,8.0,97.0,94.9,89.0,88.0,8.0,6.9,0.263,1.25,15.6,0.059,0.216,0.141,12.5,0.55,0.585,0.307,0.328,115.99,117.96,98.3,78.0,0.196
0022400703,1610612759,San Antonio,Spurs,1630170,Devin,Vassell,33:46,5,15,0.333,1,6,0.167,0,0,0.0,0,3,3,3,1,0,2,11,-16.0,94.4,94.7,115.9,117.3,-21.5,-22.6,0.13,1.5,15.0,0.0,0.083,0.042,10.0,0.367,0.367,0.198,0.202,108.19,107.31,89.42,76.0,0.026
0022400703,1610612759,San Antonio,Spurs,101108,Chris,Paul,28:27,1,4,0.25,1,3,0.333,0,0,0.0,0,4,4,8,2,0,3,3,0.0,98.5,98.5,100.6,103.2,-2.0,-4.7,0.333,2.67,53.3,0.0,0.133,0.067,20.0,0.375,0.375,0.093,0.097,110.15,108.8,90.67,66.0,0.073
0022400703,1610612759,San Antonio,Spurs,1631110,Jeremy,Sochan,21:23,6,9,0.667,2,2,1.0,0,0,0.0,3,5,8,3,1,0,3,14,-5.0,99.0,98.1,110.6,109.8,-11.6,-11.7,0.2,1.0,20.0,0.12,0.227,0.17,20.0,0.778,0.778,0.197,0.209,114.66,115.6,96.34,52.0,0.146
0022400703,1610612759,San Antonio,Spurs,1629640,Keldon,Johnson,24:09,1,8,0.125,1,5,0.2,4,4,1.0,2,0,2,3,0,0,1,7,-18.0,92.4,92.9,125.6,125.0,-33.2,-32.1,0.167,3.0,21.4,0.069,0.0,0.038,7.1,0.188,0.359,0.172,0.177,111.3,111.3,92.75,56.0,0.016
0022400703,1610612759,San Antonio,Spurs,1630577,Julian,Champagnie,20:01,2,6,0.333,1,5,0.2,0,0,0.0,0,5,5,0,1,0,1,5,-21.0,74.5,75.5,116.7,118.4,-42.1,-42.9,0.0,0.0,0.0,0.0,0.227,0.104,14.3,0.417,0.417,0.127,0.13,119.13,117.5,97.92,49.0,0.052
0022400703,1610612759,San Antonio,Spurs,1631104,Blake,Wesley,5:53,1,1,1.0,0,0,0.0,2,2,1.0,0,0,0,3,0,0,1,4,-7.0,94.5,92.9,145.3,142.9,-50.9,-50.0,1.0,3.0,50.0,0.0,0.0,0.0,16.7,1.0,1.064,0.214,0.218,112.26,114.22,95.18,14.0,0.113
0022400703,1610612759,San Antonio,Spurs,1629646,Charles,Bassey,6:44,1,3,0.333,0,0,0.0,2,2,1.0,1,1,2,1,0,0,0,4,-16.0,74.5,68.8,176.2,180.0,-101.7,-111.3,0.5,0.0,20.0,0.125,0.25,0.167,0.0,0.333,0.515,0.235,0.254,107.22,110.5,92.08,16.0,0.086
0022400703,1610612759,San Antonio,Spurs,1631127,Harrison,Ingram,3:46,0,1,0.0,0,1,0.0,0,0,0.0,0,1,1,0,0,0,0,0,1.0,148.4,144.4,152.3,133.3,-3.9,11.1,0.0,0.0,0.0,0.0,0.25,0.167,0.0,0.0,0.0,0.111,0.114,106.02,114.69,95.58,9.0,0.0
0022400703,1610612759,San Antonio,Spurs,1630572,Sandro,Mamukelashvili,3:46,3,3,1.0,2,2,1.0,1,2,0.5,0,0,0,0,0,0,0,9,1.0,148.4,144.4,152.3,133.3,-3.9,11.1,0.0,0.0,0.0,0.0,0.0,0.0,0.0,1.333,1.16,0.444,0.457,106.02,114.69,95.58,9.0,0.302
0022400703,1610612759,San Antonio,Spurs,1630561,David,Duke Jr.,3:46,0,1,0.0,0,0,0.0,0,0,0.0,0,2,2,0,0,0,1,0,1.0,148.4,144.4,152.3,133.3,-3.9,11.1,0.0,0.0,0.0,0.0,0.5,0.333,50.0,0.0,0.0,0.222,0.228,106.02,114.69,95.58,9.0,0.0
0022400703,1610612759,San Antonio,Spurs,1631103,Malaki,Branham,2:03,0,0,0.0,0,0,0.0,0,0,0.0,0,0,0,0,0,0,0,0,2.0,153.1,150.0,140.0,116.7,13.1,33.3,0.0,0.0,0.0,0.0,0.0,0.0,0.0,0.0,0.0,0.0,0.0,127.38,140.49,117.07,6.0,0.0
0022400703,1610612763,Memphis,Grizzlies,1642377,Jaylen,Wells,21:51,1,3,0.333,0,2,0.0,0,0,0.0,0,1,1,1,0,0,1,2,-2.0,93.1,96.1,94.1,96.2,-1.0,-0.1,0.056,1.0,20.0,0.0,0.048,0.022,20.0,0.333,0.333,0.074,0.073,117.35,114.23,95.19,51.0,-0.011
0022400703,1610612763,Memphis,Grizzlies,1628991,Jaren,Jackson Jr.,30:53,10,21,0.476,3,9,0.333,8,9,0.889,1,5,6,3,1,3,2,31,9.0,104.6,105.6,91.3,88.0,13.3,17.6,0.176,1.5,10.3,0.031,0.147,0.091,6.9,0.548,0.621,0.342,0.343,111.92,113.48,94.56,71.0,0.175
0022400703,1610612763,Memphis,Grizzlies,1641744,Zach,Edey,25:13,7,12,0.583,0,1,0.0,2,2,1.0,5,9,14,1,3,1,1,16,25.0,140.0,142.1,95.0,94.9,45.1,47.2,0.042,1.0,6.7,0.2,0.333,0.269,6.7,0.583,0.621,0.212,0.209,111.2,110.44,92.03,57.0,0.187
0022400703,1610612763,Memphis,Grizzlies,1628379,Luke,Kennard,21:56,1,6,0.167,0,3,0.0,0,0,0.0,0,1,1,3,1,0,1,2,6.0,99.0,101.9,89.8,92.2,9.2,9.8,0.15,3.0,30.0,0.0,0.042,0.02,10.0,0.167,0.167,0.127,0.126,115.81,112.71,93.92,52.0,0.01
0022400703,1610612763,Memphis,Grizzlies,1629630,Ja,Morant,29:07,9,18,0.5,4,6,0.667,3,3,1.0,1,2,3,11,3,0,4,25,9.0,108.1,110.3,93.7,95.7,14.3,14.6,0.55,2.75,32.4,0.03,0.065,0.047,11.8,0.611,0.647,0.307,0.305,115.23,112.93,94.1,68.0,0.207
0022400703,1610612763,Memphis,Grizzlies,1630583,Santi,Aldama,21:11,2,6,0.333,2,2,1.0,0,0,0.0,0,6,6,1,0,0,1,6,0.0,97.2,100.0,101.8,98.1,-4.6,1.9,0.059,1.0,12.5,0.0,0.24,0.118,12.5,0.5,0.5,0.125,0.124,118.48,118.93,99.11,52.0,0.038
0022400703,1610612763,Memphis,Grizzlies,1641713,GG,Jackson,28:16,11,20,0.55,4,9,0.444,1,1,1.0,0,4,4,1,3,0,4,27,8.0,118.0,115.2,98.3,100.0,19.7,15.2,0.056,0.25,4.0,0.0,0.133,0.068,16.0,0.65,0.66,0.333,0.341,113.4,113.77,94.81,66.0,0.145
0022400703,1610612763,Memphis,Grizzlies,1630590,Scotty,Pippen Jr.,21:55,4,8,0.5,0,2,0.0,3,3,1.0,0,1,1,5,2,1,1,11,16.0,127.6,125.5,96.8,98.0,30.8,27.5,0.278,5.0,33.3,0.0,0.038,0.02,6.7,0.5,0.59,0.172,0.175,109.24,109.51,91.25,51.0,0.119
0022400703,1610612763,Memphis,Grizzlies,1631222,Jake,LaRavia,24:04,2,4,0.5,1,2,0.5,1,2,0.5,3,4,7,3,4,0,0,6,17.0,129.0,127.3,97.1,96.4,31.9,30.9,0.125,0.0,37.5,0.115,0.154,0.135,0.0,0.625,0.615,0.079,0.08,108.62,109.73,91.44,55.0,0.099
0022400703,1610612763,Memphis,Grizzlies,1629723,John,Konchar,11:53,1,1,1.0,0,0,0.0,0,0,0.0,0,3,3,3,0,0,0,2,9.0,123.5,121.4,94.3,92.6,29.3,28.8,0.273,0.0,75.0,0.0,0.231,0.125,0.0,1.0,1.0,0.033,0.034,109.14,111.08,92.57,28.0,0.13
0022400703,1610612763,Memphis,Grizzlies,1642530,Yuki,Kawamura,2:03,0,0,0.0,0,0,0.0,0,0,0.0,0,1,1,1,0,0,0,0,-2.0,140.0,116.7,153.1,150.0,-13.1,-33.3,0.333,0.0,100.0,0.0,1.0,0.25,0.0,0.0,0.0,0.0,0.0,127.38,140.49,117.07,6.0,0.108
0022400703,1610612763,Memphis,Grizzlies,1642389,Zyon,Pullin,0:50,0,0,0.0,0,0,0.0,0,0,0.0,0,0,0,0,0,0,0,0,0.0,100.0,66.7,100.0,100.0,0.0,-33.3,0.0,0.0,0.0,0.0,0.0,0.0,0.0,0.0,0.0,0.0,0.0,116.36,145.45,121.21,3.0,0.0
0022400703,1610612763,Memphis,Grizzlies,1630643,Jay,Huff,0:50,0,0,0.0,0,0,0.0,0,0,0.0,0,0,0,0,0,0,0,0,0.0,100.0,66.7,100.0,100.0,0.0,-33.3,0.0,0.0,0.0,0.0,0.0,0.0,0.0,0.0,0.0,0.0,0.0,116.36,145.45,121.21,3.0,0.0
0022400704,1610612758,Sacramento,Kings,201942,DeMar,DeRozan,37:40,14,25,0.56,2,4,0.5,3,4,0.75,0,5,5,7,0,0,0,33,-1.0,116.2,120.8,121.1,125.3,-4.9,-4.6,0.318,0.0,21.2,0.0,0.116,0.062,0.0,0.6,0.617,0.286,0.292,100.46,96.86,80.72,77.0,0.184
0022400704,1610612758,Sacramento,Kings,1631099,Keegan,Murray,39:34,7,11,0.636,2,4,0.5,3,4,0.75,2,5,7,1,1,0,1,19,-2.0,115.6,121.0,122.5,126.6,-7.0,-5.6,0.033,1.0,7.1,0.051,0.116,0.085,7.1,0.727,0.745,0.135,0.14,100.93,97.05,80.88,81.0,0.106
0022400704,1610612758,Sacramento,Kings,1627734,Domantas,Sabonis,37:12,5,15,0.333,0,3,0.0,4,6,0.667,5,6,11,3,0,1,1,14,8.0,124.5,128.8,116.7,117.8,7.9,11.0,0.097,3.0,13.6,0.139,0.146,0.143,4.5,0.333,0.397,0.218,0.222,96.27,94.21,78.51,73.0,0.047
0022400704,1610612758,Sacramento,Kings,1631165,Keon,Ellis,34:21,5,8,0.625,3,3,1.0,0,0,0.0,1,2,3,2,3,2,3,13,7.0,121.0,127.5,119.4,120.9,1.6,6.6,0.067,0.67,15.4,0.031,0.057,0.045,23.1,0.813,0.813,0.133,0.138,98.2,95.02,79.18,69.0,0.083
0022400704,1610612758,Sacramento,Kings,1628370,Malik,Monk,41:32,10,23,0.435,2,6,0.333,4,4,1.0,1,7,8,5,1,1,4,26,3.0,111.9,116.5,114.8,115.7,-2.9,0.8,0.179,1.25,14.7,0.023,0.159,0.091,11.8,0.478,0.525,0.282,0.297,99.44,97.08,80.9,85.0,0.109
0022400704,1610612758,Sacramento,Kings,1642269,Devin,Carter,8:11,1,4,0.25,0,1,0.0,0,0,0.0,1,4,5,1,0,0,1,2,2.0,104.4,111.8,92.2,100.0,12.2,11.8,0.167,1.0,16.7,0.1,0.444,0.263,16.7,0.25,0.25,0.227,0.248,107.39,99.65,83.04,17.0,0.101
0022400704,1610612758,Sacramento,Kings,1626168,Trey,Lyles,23:17,2,4,0.5,1,3,0.333,0,0,0.0,1,7,8,3,2,2,0,5,0.0,100.1,102.1,100.5,108.9,-0.4,-6.8,0.176,0.0,42.9,0.036,0.304,0.157,0.0,0.625,0.625,0.067,0.071,100.71,95.85,79.87,48.0,0.162
0022400704,1610612758,Sacramento,Kings,1642403,Isaac,Jones,11:54,1,2,0.5,0,0,0.0,2,2,1.0,0,0,0,1,0,0,0,4,-6.0,84.7,96.0,118.5,111.1,-33.7,-15.1,0.111,0.0,25.0,0.0,0.0,0.0,0.0,0.5,0.694,0.097,0.099,108.18,104.87,87.39,25.0,0.059
0022400704,1610612758,Sacramento,Kings,203926,Doug,McDermott,6:19,0,0,0.0,0,0,0.0,0,0,0.0,0,0,0,0,0,0,0,0,-1.0,133.3,145.5,127.6,141.7,5.7,3.8,0.0,0.0,0.0,0.0,0.0,0.0,0.0,0.0,0.0,0.0,0.0,96.2,87.39,72.82,11.0,-0.063
0022400704,1610612758,Sacramento,Kings,203109,Jae,Crowder,,0,0,0.0,0,0,0.0,0,0,0.0,0,0,0,0,0,0,0,0,0.0,0.0,0.0,0.0,0.0,0.0,0.0,0.0,0.0,0.0,0.0,0.0,0.0,0.0,0.0,0.0,0.0,0.0,0.0,0.0,0.0,0.0,0.0
0022400704,1610612758,Sacramento,Kings,1630222,Mason,Jones,,0,0,0.0,0,0,0.0,0,0,0.0,0,0,0,0,0,0,0,0,0.0,0.0,0.0,0.0,0.0,0.0,0.0,0.0,0.0,0.0,0.0,0.0,0.0,0.0,0.0,0.0,0.0,0.0,0.0,0.0,0.0,0.0,0.0
0022400704,1610612758,Sacramento,Kings,203458,Alex,Len,,0,0,0.0,0,0,0.0,0,0,0.0,0,0,0,0,0,0,0,0,0.0,0.0,0.0,0.0,0.0,0.0,0.0,0.0,0.0,0.0,0.0,0.0,0.0,0.0,0.0,0.0,0.0,0.0,0.0,0.0,0.0,0.0,0.0
0022400704,1610612750,Minnesota,Timberwolves,1630183,Jaden,McDaniels,35:48,8,17,0.471,2,7,0.286,4,4,1.0,0,7,7,2,1,3,3,22,-4.0,122.6,125.0,118.7,127.0,3.9,-2.0,0.074,0.67,8.7,0.0,0.2,0.1,13.0,0.529,0.586,0.259,0.258,102.27,97.88,81.56,72.0,0.107
0022400704,1610612750,Minnesota,Timberwolves,1629675,Naz,Reid,40:17,12,19,0.632,5,9,0.556,1,1,1.0,1,4,5,3,0,2,0,30,3.0,119.9,121.0,109.3,115.9,10.6,5.1,0.12,0.0,13.6,0.024,0.095,0.06,0.0,0.763,0.772,0.207,0.207,100.47,97.11,80.92,81.0,0.164
0022400704,1610612750,Minnesota,Timberwolves,203497,Rudy,Gobert,40:01,8,9,0.889,0,0,0.0,3,3,1.0,7,6,13,3,1,2,0,19,-4.0,122.9,127.3,121.4,127.5,1.6,-0.2,0.103,0.0,23.1,0.179,0.154,0.167,0.0,0.889,0.921,0.114,0.113,98.2,94.15,78.46,77.0,0.158
0022400704,1610612750,Minnesota,Timberwolves,1630162,Anthony,Edwards,37:32,7,21,0.333,3,10,0.3,4,4,1.0,1,5,6,4,2,1,3,21,0.0,119.8,124.0,114.9,120.8,4.9,3.2,0.148,1.33,13.3,0.024,0.132,0.075,10.0,0.405,0.461,0.299,0.297,101.36,97.19,80.99,75.0,0.073
0022400704,1610612750,Minnesota,Timberwolves,201144,Mike,Conley,26:34,2,8,0.25,1,3,0.333,0,0,0.0,1,2,3,9,0,0,0,5,5.0,133.6,137.0,126.4,125.5,7.2,11.6,0.36,0.0,52.9,0.033,0.105,0.061,0.0,0.313,0.313,0.123,0.122,99.4,98.49,82.08,54.0,0.06
0022400704,1610612750,Minnesota,Timberwolves,1642265,Rob,Dillingham,14:24,2,5,0.4,0,3,0.0,0,0,0.0,0,0,0,4,0,0,2,4,-6.0,81.9,85.7,104.3,103.4,-22.5,-17.7,0.5,2.0,36.4,0.0,0.0,0.0,18.2,0.4,0.4,0.233,0.239,96.8,95.0,79.17,28.0,0.063
0022400704,1610612750,Minnesota,Timberwolves,1629638,Nickeil,Alexander-Walker,22:34,1,5,0.2,0,3,0.0,0,0,0.0,0,1,1,2,0,0,0,2,-2.0,98.6,107.1,97.5,102.2,1.1,5.0,0.118,0.0,28.6,0.0,0.032,0.019,0.0,0.2,0.2,0.106,0.105,99.8,93.59,77.99,42.0,-0.025
0022400704,1610612750,Minnesota,Timberwolves,1630568,Luka,Garza,4:49,1,5,0.2,0,2,0.0,2,2,1.0,1,0,1,0,1,0,0,4,-2.0,60.7,66.7,82.0,72.7,-21.2,-6.1,0.0,0.0,0.0,0.111,0.0,0.067,0.0,0.2,0.34,0.5,0.505,97.86,99.65,83.04,9.0,-0.053
0022400704,1610612750,Minnesota,Timberwolves,1641740,Jaylen,Clark,18:00,2,5,0.4,1,3,0.333,2,2,1.0,0,0,0,1,0,0,0,7,0.0,115.0,123.5,114.6,110.5,0.4,13.0,0.077,0.0,14.3,0.0,0.0,0.0,0.0,0.5,0.595,0.15,0.148,97.52,95.97,79.98,34.0,0.053
0022400704,1610612750,Minnesota,Timberwolves,204060,Joe,Ingles,0:01,0,0,0.0,0,0,0.0,0,0,0.0,0,0,0,0,0,0,0,0,0.0,0.0,0.0,0.0,0.0,0.0,0.0,0.0,0.0,0.0,0.0,0.0,0.0,0.0,0.0,0.0,0.0,0.0,2057.14,4114.52,3428.77,1.0,0.0
0022400704,1610612750,Minnesota,Timberwolves,1631159,Leonard,Miller,,0,0,0.0,0,0,0.0,0,0,0.0,0,0,0,0,0,0,0,0,0.0,0.0,0.0,0.0,0.0,0.0,0.0,0.0,0.0,0.0,0.0,0.0,0.0,0.0,0.0,0.0,0.0,0.0,0.0,0.0,0.0,0.0,0.0
0022400704,1610612750,Minnesota,Timberwolves,1631169,Josh,Minott,,0,0,0.0,0,0,0.0,0,0,0.0,0,0,0,0,0,0,0,0,0.0,0.0,0.0,0.0,0.0,0.0,0.0,0.0,0.0,0.0,0.0,0.0,0.0,0.0,0.0,0.0,0.0,0.0,0.0,0.0,0.0,0.0,0.0
0022400704,1610612750,Minnesota,Timberwolves,1630545,Terrence,Shannon Jr.,,0,0,0.0,0,0,0.0,0,0,0.0,0,0,0,0,0,0,0,0,0.0,0.0,0.0,0.0,0.0,0.0,0.0,0.0,0.0,0.0,0.0,0.0,0.0,0.0,0.0,0.0,0.0,0.0,0.0,0.0,0.0,0.0,0.0
0022400705,1610612749,Milwaukee,Bucks,1641748,Andre,Jackson Jr.,22:32,4,8,0.5,1,2,0.5,1,2,0.5,3,1,4,2,2,1,1,10,-34.0,81.9,82.0,145.6,150.0,-63.7,-68.0,0.154,2.0,16.7,0.1,0.056,0.083,8.3,0.563,0.563,0.169,0.178,108.24,106.53,88.78,50.0,0.088
0022400705,1610612749,Milwaukee,Bucks,1627752,Taurean,Prince,15:33,3,7,0.429,2,4,0.5,0,0,0.0,0,2,2,2,0,0,1,8,-24.0,93.2,97.0,156.6,169.7,-63.4,-72.7,0.2,2.0,20.0,0.0,0.182,0.071,10.0,0.571,0.571,0.211,0.214,108.16,101.86,84.89,33.0,0.058
0022400705,1610612749,Milwaukee,Bucks,1641753,Chris,Livingston,26:29,4,10,0.4,0,4,0.0,2,4,0.5,1,5,6,0,2,0,2,10,-8.0,81.1,86.0,97.9,100.0,-16.8,-14.0,0.0,0.0,0.0,0.032,0.156,0.095,15.4,0.4,0.425,0.203,0.202,107.48,103.31,86.09,57.0,0.065
0022400705,1610612749,Milwaukee,Bucks,1631157,Ryan,Rollins,18:20,5,9,0.556,2,3,0.667,4,4,1.0,0,0,0,1,2,1,3,16,-18.0,100.4,100.0,144.5,145.2,-44.2,-45.2,0.1,0.33,6.7,0.0,0.0,0.0,20.0,0.667,0.743,0.304,0.312,111.33,111.27,92.73,43.0,0.134
0022400705,1610612749,Milwaukee,Bucks,1631260,AJ,Green,21:04,1,4,0.25,0,2,0.0,0,0,0.0,0,1,1,3,0,0,2,2,-33.0,86.1,93.3,157.4,163.0,-71.3,-69.7,0.188,1.5,33.3,0.0,0.077,0.025,22.2,0.25,0.25,0.115,0.116,109.8,103.65,86.37,45.0,0.009
0022400705,1610612749,Milwaukee,Bucks,1629018,Gary,Trent Jr.,20:30,4,11,0.364,1,4,0.25,1,2,0.5,0,1,1,1,0,0,0,10,-21.0,92.8,91.3,140.4,140.0,-47.6,-48.7,0.1,0.0,7.7,0.0,0.059,0.023,0.0,0.409,0.421,0.222,0.239,105.59,106.57,88.81,46.0,0.04
0022400705,1610612749,Milwaukee,Bucks,1641890,Tyler,Smith,27:16,4,15,0.267,3,10,0.3,1,2,0.5,2,5,7,3,2,0,3,12,2.0,90.6,93.2,91.6,88.3,-1.0,4.9,0.2,1.0,13.6,0.056,0.143,0.099,13.6,0.367,0.378,0.271,0.285,104.39,104.74,87.29,59.0,0.063
0022400705,1610612749,Milwaukee,Bucks,1642358,AJ,Johnson,29:06,5,12,0.417,2,4,0.5,1,2,0.5,0,4,4,4,1,0,2,13,0.0,87.0,89.1,92.1,89.1,-5.1,0.0,0.286,2.0,21.1,0.0,0.108,0.053,10.5,0.5,0.505,0.2,0.21,105.04,105.57,87.97,64.0,0.124
0022400705,1610612749,Milwaukee,Bucks,1626192,Pat,Connaughton,20:57,3,6,0.5,1,1,1.0,1,1,1.0,2,1,3,1,0,0,0,8,-17.0,96.4,100.0,139.0,131.3,-42.6,-31.3,0.083,0.0,14.3,0.069,0.067,0.068,0.0,0.583,0.621,0.109,0.114,106.59,107.68,89.74,46.0,0.056
0022400705,1610612749,Milwaukee,Bucks,1626153,Delon,Wright,21:13,0,4,0.0,0,3,0.0,1,2,0.5,0,3,3,3,2,1,0,1,-1.0,88.1,91.1,90.4,91.3,-2.3,-0.2,0.2,0.0,37.5,0.0,0.111,0.058,0.0,0.0,0.102,0.098,0.101,105.16,102.94,85.78,45.0,0.06
0022400705,1610612749,Milwaukee,Bucks,1630699,MarJon,Beauchamp,17:00,2,7,0.286,1,2,0.5,1,2,0.5,1,5,6,4,1,0,0,6,9.0,81.9,86.5,64.1,60.5,17.8,26.0,0.4,0.0,33.3,0.048,0.2,0.13,0.0,0.357,0.381,0.195,0.195,105.78,105.84,88.2,37.0,0.185
0022400705,1610612760,Oklahoma City,Thunder,1629652,Luguentz,Dort,20:36,4,4,1.0,2,2,1.0,2,2,1.0,0,2,2,0,1,0,1,12,30.0,145.2,152.2,82.6,85.1,62.6,67.1,0.0,0.0,0.0,0.0,0.083,0.053,16.7,1.25,1.23,0.113,0.113,112.54,108.35,90.29,46.0,0.11
0022400705,1610612760,Oklahoma City,Thunder,1629026,Kenrich,Williams,21:46,2,9,0.222,0,3,0.0,0,0,0.0,2,1,3,4,2,0,1,4,22.0,141.4,144.9,99.4,96.1,42.0,48.8,0.154,4.0,28.6,0.1,0.043,0.07,7.1,0.222,0.222,0.172,0.175,109.69,110.26,91.88,49.0,0.009
0022400705,1610612760,Oklahoma City,Thunder,1628392,Isaiah,Hartenstein,18:29,3,7,0.429,0,1,0.0,0,0,0.0,3,9,12,3,1,2,3,6,24.0,143.5,148.8,85.3,88.1,58.2,60.7,0.143,1.0,23.1,0.25,0.36,0.324,23.1,0.429,0.429,0.217,0.215,111.56,107.77,89.81,41.0,0.144
0022400705,1610612760,Oklahoma City,Thunder,1630598,Aaron,Wiggins,25:40,6,9,0.667,1,2,0.5,0,0,0.0,0,1,1,4,1,0,1,13,24.0,143.5,142.4,100.7,101.7,42.9,40.7,0.148,4.0,28.6,0.0,0.032,0.02,7.1,0.722,0.722,0.149,0.153,110.45,110.34,91.95,59.0,0.112
0022400705,1610612760,Oklahoma City,Thunder,1628983,Shai,Gilgeous-Alexander,22:24,15,19,0.789,2,3,0.667,2,3,0.667,0,3,3,6,0,0,3,34,34.0,144.5,151.0,74.9,78.4,69.6,72.6,0.375,2.0,20.7,0.0,0.1,0.065,10.3,0.842,0.837,0.404,0.402,112.07,107.14,89.29,49.0,0.335
0022400705,1610612760,Oklahoma City,Thunder,1631172,Ousmane,Dieng,31:01,9,13,0.692,3,5,0.6,0,0,0.0,3,5,8,5,1,0,4,21,1.0,101.1,97.0,93.7,98.5,7.3,-1.4,0.278,1.25,22.7,0.083,0.128,0.107,18.2,0.808,0.808,0.221,0.232,102.59,102.12,85.1,67.0,0.21
0022400705,1610612760,Oklahoma City,Thunder,1631119,Jaylin,Williams,26:17,5,9,0.556,3,5,0.6,0,0,0.0,3,4,7,0,0,3,2,13,9.0,107.0,105.2,88.4,92.9,18.6,12.3,0.0,0.0,0.0,0.1,0.129,0.115,18.2,0.722,0.722,0.162,0.169,105.78,104.1,86.75,58.0,0.104
0022400705,1610612760,Oklahoma City,Thunder,1630198,Isaiah,Joe,22:38,5,9,0.556,5,8,0.625,3,3,1.0,0,3,3,2,1,0,0,18,19.0,141.6,134.0,96.1,100.0,45.5,34.0,0.091,0.0,16.7,0.0,0.1,0.064,0.0,0.833,0.872,0.179,0.188,103.15,103.92,86.6,50.0,0.155
0022400705,1610612760,Oklahoma City,Thunder,1641794,Dillon,Jones,25:19,0,3,0.0,0,1,0.0,0,0,0.0,1,8,9,4,0,0,2,0,1.0,88.1,87.0,82.9,88.5,5.3,-1.4,0.211,2.0,44.4,0.03,0.222,0.13,22.2,0.0,0.0,0.079,0.082,103.18,100.49,83.74,54.0,0.068
0022400705,1610612760,Oklahoma City,Thunder,1642505,Alex,Ducas,13:50,1,6,0.167,0,3,0.0,0,0,0.0,2,5,7,0,0,0,0,2,-7.0,53.3,55.2,80.0,82.1,-26.6,-27.0,0.0,0.0,0.0,0.077,0.294,0.163,0.0,0.167,0.167,0.162,0.167,101.98,98.93,82.44,29.0,0.069
0022400705,1610612760,Oklahoma City,Thunder,1641745,Adam,Flagler,12:00,1,11,0.091,0,8,0.0,0,0,0.0,0,0,0,0,2,0,0,2,-12.0,36.0,36.0,81.5,87.5,-45.5,-51.5,0.0,0.0,0.0,0.0,0.0,0.0,0.0,0.091,0.091,0.367,0.379,101.52,98.0,81.67,25.0,-0.3
0022400705,1610612760,Oklahoma City,Thunder,1631114,Jalen,Williams,,0,0,0.0,0,0,0.0,0,0,0.0,0,0,0,0,0,0,0,0,0.0,0.0,0.0,0.0,0.0,0.0,0.0,0.0,0.0,0.0,0.0,0.0,0.0,0.0,0.0,0.0,0.0,0.0,0.0,0.0,0.0,0.0,0.0
0022400706,1610612740,New Orleans,Pelicans,1630530,Trey,Murphy III,37:52,13,21,0.619,8,12,0.667,7,7,1.0,1,2,3,3,2,1,0,41,-9.0,119.0,114.1,129.3,127.3,-10.3,-13.2,0.188,0.0,11.1,0.023,0.054,0.038,0.0,0.81,0.851,0.267,0.276,95.45,98.24,81.87,78.0,0.22
0022400706,1610612740,New Orleans,Pelicans,1629627,Zion,Williamson,28:21,5,13,0.385,0,0,0.0,4,6,0.667,1,5,6,5,1,1,1,14,1.0,137.3,128.8,129.2,131.6,8.1,-2.8,0.25,5.0,22.7,0.038,0.167,0.107,4.5,0.385,0.448,0.254,0.273,96.0,98.2,81.83,59.0,0.085
0022400706,1610612740,New Orleans,Pelicans,1642274,Yves,Missi,34:01,4,9,0.444,0,0,0.0,0,0,0.0,5,1,6,3,2,0,2,8,4.0,144.6,137.9,128.1,131.8,16.5,6.1,0.111,1.5,21.4,0.156,0.029,0.09,14.3,0.444,0.444,0.141,0.151,92.33,93.14,77.62,66.0,0.038
0022400706,1610612740,New Orleans,Pelicans,1629750,Javonte,Green,28:24,1,5,0.2,1,4,0.25,1,2,0.5,1,3,4,2,0,0,0,4,-9.0,120.2,119.0,131.1,132.2,-10.9,-13.2,0.083,0.0,25.0,0.034,0.097,0.067,0.0,0.3,0.34,0.09,0.093,98.75,98.86,82.38,58.0,0.024
0022400706,1610612740,New Orleans,Pelicans,203468,CJ,McCollum,34:53,10,22,0.455,5,9,0.556,5,5,1.0,0,6,6,5,0,1,3,30,-3.0,125.7,123.6,135.9,135.3,-10.2,-11.7,0.263,1.67,15.6,0.0,0.171,0.081,9.4,0.568,0.62,0.318,0.326,95.3,96.34,80.29,72.0,0.129
0022400706,1610612740,New Orleans,Pelicans,1641722,Jordan,Hawkins,14:28,0,4,0.0,0,4,0.0,0,0,0.0,0,2,2,1,0,0,2,0,-14.0,76.9,75.0,133.2,131.0,-56.3,-56.0,0.143,0.5,14.3,0.0,0.143,0.061,28.6,0.0,0.0,0.162,0.17,99.1,101.22,84.35,32.0,-0.055
0022400706,1610612740,New Orleans,Pelicans,1631255,Karlo,Matković,27:01,1,5,0.2,1,2,0.5,2,2,1.0,5,6,11,4,0,1,1,5,-12.0,106.0,101.9,127.9,124.5,-21.9,-22.6,0.235,4.0,36.4,0.161,0.231,0.193,9.1,0.3,0.425,0.113,0.117,91.11,94.17,78.47,53.0,0.082
0022400706,1610612740,New Orleans,Pelicans,1630526,Jeremiah,Robinson-Earl,8:13,0,1,0.0,0,0,0.0,0,0,0.0,1,0,1,0,0,0,0,0,-11.0,81.9,81.3,162.6,150.0,-80.7,-68.8,0.0,0.0,0.0,0.083,0.0,0.05,0.0,0.0,0.0,0.05,0.053,89.5,93.47,77.89,16.0,-0.045
0022400706,1610612740,New Orleans,Pelicans,1630631,Jose,Alvarado,22:17,3,7,0.429,2,6,0.333,0,0,0.0,0,2,2,4,0,0,1,8,-9.0,112.0,109.5,128.0,131.0,-16.0,-21.4,0.308,4.0,33.3,0.0,0.083,0.039,8.3,0.571,0.571,0.16,0.17,90.53,90.48,75.4,42.0,0.055
0022400706,1610612740,New Orleans,Pelicans,1641810,Antonio,Reeves,4:31,1,1,1.0,1,1,1.0,0,0,0.0,0,0,0,0,0,0,0,3,2.0,175.0,175.0,114.9,133.3,60.1,41.7,0.0,0.0,0.0,0.0,0.0,0.0,0.0,1.5,1.5,0.125,0.125,97.98,90.33,75.28,8.0,0.111
0022400706,1610612740,New Orleans,Pelicans,1631288,Jamal,Cain,,0,0,0.0,0,0,0.0,0,0,0.0,0,0,0,0,0,0,0,0,0.0,0.0,0.0,0.0,0.0,0.0,0.0,0.0,0.0,0.0,0.0,0.0,0.0,0.0,0.0,0.0,0.0,0.0,0.0,0.0,0.0,0.0,0.0
0022400706,1610612740,New Orleans,Pelicans,1628464,Daniel,Theis,,0,0,0.0,0,0,0.0,0,0,0.0,0,0,0,0,0,0,0,0,0.0,0.0,0.0,0.0,0.0,0.0,0.0,0.0,0.0,0.0,0.0,0.0,0.0,0.0,0.0,0.0,0.0,0.0,0.0,0.0,0.0,0.0,0.0
0022400706,1610612743,Denver,Nuggets,1629008,Michael,Porter Jr.,39:30,12,22,0.545,7,12,0.583,5,5,1.0,4,3,7,2,0,1,1,36,20.0,135.7,135.9,111.2,108.9,24.5,27.0,0.08,2.0,7.4,0.103,0.064,0.081,3.7,0.705,0.744,0.284,0.287,94.47,95.39,79.49,78.0,0.169
0022400706,1610612743,Denver,Nuggets,1630192,Zeke,Nnaji,31:12,5,9,0.556,2,4,0.5,0,0,0.0,2,3,5,0,0,1,1,12,1.0,132.3,135.5,133.4,129.7,-1.0,5.8,0.0,0.0,0.0,0.061,0.097,0.078,10.0,0.667,0.667,0.135,0.136,96.7,96.91,80.76,62.0,0.042
0022400706,1610612743,Denver,Nuggets,203999,Nikola,Jokić,36:04,9,13,0.692,1,3,0.333,8,10,0.8,1,13,14,10,1,2,1,27,11.0,127.7,127.4,114.9,109.3,12.8,18.1,0.417,10.0,34.5,0.027,0.325,0.182,3.4,0.731,0.776,0.229,0.232,95.93,98.48,82.07,73.0,0.261
0022400706,1610612743,Denver,Nuggets,1631128,Christian,Braun,40:58,5,14,0.357,0,4,0.0,1,2,0.5,2,4,6,4,1,0,0,11,2.0,128.9,130.9,132.2,128.4,-3.3,2.5,0.114,0.0,21.1,0.047,0.095,0.071,0.0,0.357,0.37,0.156,0.157,94.27,94.91,79.09,81.0,0.049
0022400706,1610612743,Denver,Nuggets,1627750,Jamal,Murray,35:22,7,17,0.412,1,4,0.25,5,5,1.0,1,4,5,8,2,0,0,20,18.0,143.2,143.5,117.5,112.5,25.7,31.0,0.296,0.0,29.6,0.03,0.095,0.067,0.0,0.441,0.521,0.244,0.243,93.68,95.69,79.74,69.0,0.113
0022400706,1610612743,Denver,Nuggets,1631124,Julian,Strawther,23:40,6,10,0.6,1,5,0.2,2,4,0.5,1,2,3,2,2,0,2,15,9.0,126.1,127.7,112.8,108.5,13.2,19.1,0.125,1.0,13.3,0.04,0.083,0.061,13.3,0.65,0.638,0.228,0.234,94.12,95.34,79.45,47.0,0.124
0022400706,1610612743,Denver,Nuggets,1641816,Hunter,Tyson,8:41,0,0,0.0,0,0,0.0,0,0,0.0,0,2,2,0,0,1,0,0,2.0,119.6,111.8,92.2,89.5,27.5,22.3,0.0,0.0,0.0,0.0,0.167,0.1,0.0,0.0,0.0,0.0,0.0,94.86,99.5,82.92,17.0,0.067
0022400706,1610612743,Denver,Nuggets,1629618,Jalen,Pickett,12:34,0,4,0.0,0,1,0.0,0,0,0.0,1,0,1,2,1,0,0,0,-4.0,102.7,104.0,125.6,120.0,-22.9,-16.0,0.167,0.0,33.3,0.067,0.0,0.04,0.0,0.0,0.0,0.129,0.132,94.0,95.53,79.61,25.0,-0.009
0022400706,1610612743,Denver,Nuggets,201599,DeAndre,Jordan,11:56,2,3,0.667,0,0,0.0,0,0,0.0,2,1,3,0,0,1,0,4,1.0,141.3,152.4,138.9,140.9,2.5,11.5,0.0,0.0,0.0,0.167,0.083,0.125,0.0,0.667,0.667,0.111,0.109,90.42,86.48,72.07,21.0,0.092
0022400706,1610612743,Denver,Nuggets,1642461,Spencer,Jones,0:04,0,0,0.0,0,0,0.0,0,0,0.0,0,0,0,0,0,0,0,0,0.0,0.0,0.0,0.0,0.0,0.0,0.0,0.0,0.0,0.0,0.0,0.0,0.0,0.0,0.0,0.0,0.0,0.0,0.0,411.43,342.86,0.0,0.0
0022400706,1610612743,Denver,Nuggets,1641725,Trey,Alexander,,0,0,0.0,0,0,0.0,0,0,0.0,0,0,0,0,0,0,0,0,0.0,0.0,0.0,0.0,0.0,0.0,0.0,0.0,0.0,0.0,0.0,0.0,0.0,0.0,0.0,0.0,0.0,0.0,0.0,0.0,0.0,0.0,0.0
0022400706,1610612743,Denver,Nuggets,1641790,PJ,Hall,,0,0,0.0,0,0,0.0,0,0,0.0,0,0,0,0,0,0,0,0,0.0,0.0,0.0,0.0,0.0,0.0,0.0,0.0,0.0,0.0,0.0,0.0,0.0,0.0,0.0,0.0,0.0,0.0,0.0,0.0,0.0,0.0,0.0
0022400706,1610612743,Denver,Nuggets,203967,Dario,Šarić,,0,0,0.0,0,0,0.0,0,0,0.0,0,0,0,0,0,0,0,0,0.0,0.0,0.0,0.0,0.0,0.0,0.0,0.0,0.0,0.0,0.0,0.0,0.0,0.0,0.0,0.0,0.0,0.0,0.0,0.0,0.0,0.0,0.0
0022400707,1610612754,Indiana,Pacers,1631097,Bennedict,Mathurin,22:17,4,11,0.364,1,5,0.2,0,0,0.0,1,0,1,0,0,1,0,9,-9.0,103.2,100.0,115.7,121.3,-12.5,-21.3,0.0,0.0,0.0,0.038,0.0,0.023,0.0,0.409,0.409,0.216,0.227,103.18,102.32,85.27,48.0,0.019
0022400707,1610612754,Indiana,Pacers,1627783,Pascal,Siakam,32:43,8,14,0.571,0,4,0.0,6,6,1.0,1,5,6,4,0,2,0,22,1.0,112.0,102.7,98.6,104.2,13.4,-1.5,0.19,0.0,19.0,0.028,0.122,0.078,0.0,0.571,0.661,0.213,0.23,105.55,107.1,89.25,74.0,0.165
0022400707,1610612754,Indiana,Pacers,1628418,Thomas,Bryant,25:39,4,12,0.333,0,4,0.0,1,1,1.0,2,4,6,1,2,1,1,9,-4.0,103.2,103.8,109.2,113.5,-6.0,-9.7,0.063,1.0,7.1,0.071,0.148,0.109,7.1,0.333,0.362,0.224,0.227,100.4,98.23,81.86,53.0,0.053
0022400707,1610612754,Indiana,Pacers,1629614,Andrew,Nembhard,29:40,4,5,0.8,2,3,0.667,0,0,0.0,0,3,3,8,2,0,1,10,-7.0,107.6,106.3,115.6,117.5,-8.0,-11.1,0.381,8.0,57.1,0.0,0.107,0.048,7.1,1.0,1.0,0.088,0.091,102.19,101.93,84.94,63.0,0.125
0022400707,1610612754,Indiana,Pacers,1630169,Tyrese,Haliburton,34:14,6,15,0.4,3,10,0.3,3,4,0.75,1,2,3,6,3,2,3,18,-4.0,106.3,106.8,112.8,115.5,-6.5,-8.6,0.273,2.0,23.1,0.026,0.057,0.041,11.5,0.5,0.537,0.256,0.259,102.37,100.94,84.12,73.0,0.112
0022400707,1610612754,Indiana,Pacers,1630174,Aaron,Nesmith,25:43,4,6,0.667,1,3,0.333,4,5,0.8,1,6,7,2,3,1,1,13,10.0,113.7,108.5,94.9,96.4,18.8,12.0,0.095,2.0,18.2,0.038,0.158,0.109,9.1,0.75,0.793,0.143,0.149,105.64,107.32,89.44,59.0,0.161
0022400707,1610612754,Indiana,Pacers,1630167,Obi,Toppin,19:09,5,10,0.5,3,8,0.375,0,0,0.0,0,3,3,0,0,0,1,13,6.0,113.7,108.7,102.2,100.0,11.5,8.7,0.0,0.0,0.0,0.0,0.107,0.065,9.1,0.65,0.65,0.234,0.245,109.05,112.81,94.01,46.0,0.096
0022400707,1610612754,Indiana,Pacers,204456,T.J.,McConnell,13:41,2,7,0.286,0,0,0.0,0,0,0.0,0,2,2,6,2,1,2,4,7.0,115.5,106.3,83.0,84.4,32.5,21.9,0.462,3.0,40.0,0.0,0.095,0.059,13.3,0.286,0.286,0.265,0.286,108.66,112.24,93.53,32.0,0.111
0022400707,1610612754,Indiana,Pacers,1641767,Ben,Sheppard,18:25,2,5,0.4,0,3,0.0,1,1,1.0,0,3,3,4,1,0,0,5,6.0,111.1,107.1,90.4,90.7,20.7,16.4,0.25,0.0,44.4,0.0,0.107,0.065,0.0,0.4,0.46,0.114,0.118,109.09,110.81,92.34,42.0,0.095
0022400707,1610612754,Indiana,Pacers,1641716,Jarace,Walker,18:29,4,6,0.667,0,2,0.0,1,3,0.333,0,3,3,1,0,2,0,9,-1.0,106.1,107.5,112.0,110.0,-5.9,-2.5,0.077,0.0,12.5,0.0,0.188,0.079,0.0,0.667,0.615,0.167,0.169,103.62,103.88,86.56,40.0,0.078
0022400707,1610612754,Indiana,Pacers,1642277,Johnny,Furphy,,0,0,0.0,0,0,0.0,0,0,0.0,0,0,0,0,0,0,0,0,0.0,0.0,0.0,0.0,0.0,0.0,0.0,0.0,0.0,0.0,0.0,0.0,0.0,0.0,0.0,0.0,0.0,0.0,0.0,0.0,0.0,0.0,0.0
0022400707,1610612754,Indiana,Pacers,201949,James,Johnson,,0,0,0.0,0,0,0.0,0,0,0.0,0,0,0,0,0,0,0,0,0.0,0.0,0.0,0.0,0.0,0.0,0.0,0.0,0.0,0.0,0.0,0.0,0.0,0.0,0.0,0.0,0.0,0.0,0.0,0.0,0.0,0.0,0.0
0022400707,1610612754,Indiana,Pacers,1626167,Myles,Turner,,0,0,0.0,0,0,0.0,0,0,0.0,0,0,0,0,0,0,0,0,0.0,0.0,0.0,0.0,0.0,0.0,0.0,0.0,0.0,0.0,0.0,0.0,0.0,0.0,0.0,0.0,0.0,0.0,0.0,0.0,0.0,0.0,0.0
0022400707,1610612762,Utah,Jazz,1628374,Lauri,Markkanen,33:20,5,11,0.455,3,5,0.6,3,5,0.6,2,5,7,1,0,0,0,16,0.0,107.0,109.7,113.5,111.3,-6.5,-1.5,0.042,0.0,7.1,0.051,0.147,0.096,0.0,0.591,0.606,0.146,0.148,103.25,102.96,85.8,72.0,0.086
0022400707,1610612762,Utah,Jazz,1628381,John,Collins,31:52,9,18,0.5,1,4,0.25,2,2,1.0,3,9,12,0,0,1,2,21,11.0,108.2,113.2,98.7,95.7,9.5,17.6,0.0,0.0,0.0,0.091,0.237,0.169,9.5,0.528,0.556,0.253,0.259,103.93,103.18,85.98,68.0,0.116
0022400707,1610612762,Utah,Jazz,1631117,Walker,Kessler,34:00,3,5,0.6,0,0,0.0,3,7,0.429,4,9,13,1,1,3,3,9,4.0,107.1,109.9,104.6,107.2,2.5,2.6,0.04,0.33,8.3,0.111,0.231,0.173,25.0,0.6,0.557,0.125,0.128,101.3,98.81,82.34,71.0,0.081
0022400707,1610612762,Utah,Jazz,1629012,Collin,Sexton,2:44,1,3,0.333,0,1,0.0,0,0,0.0,1,0,1,0,0,0,1,2,-2.0,82.0,66.7,102.0,100.0,-20.1,-33.3,0.0,0.0,0.0,0.333,0.0,0.2,25.0,0.333,0.333,0.5,0.581,94.48,105.37,87.8,6.0,-0.059
0022400707,1610612762,Utah,Jazz,1642268,Isaiah,Collier,31:56,5,12,0.417,1,4,0.25,0,0,0.0,0,1,1,10,1,0,2,11,4.0,104.6,102.8,100.9,97.2,3.7,5.6,0.5,5.0,41.7,0.0,0.029,0.014,8.3,0.458,0.458,0.169,0.175,103.84,106.7,88.92,71.0,0.076
0022400707,1610612762,Utah,Jazz,1641718,Keyonte,George,30:58,5,15,0.333,4,11,0.364,2,4,0.5,1,7,8,11,1,0,6,16,2.0,110.5,115.2,114.6,113.8,-4.1,1.3,0.5,1.83,32.4,0.028,0.206,0.114,17.6,0.467,0.477,0.284,0.285,103.37,101.51,84.59,66.0,0.117
0022400707,1610612762,Utah,Jazz,1630695,Micah,Potter,11:27,0,1,0.0,0,1,0.0,3,4,0.75,2,1,3,0,0,0,0,3,-1.0,106.8,108.0,109.2,107.7,-2.4,0.3,0.0,0.0,0.0,0.125,0.083,0.107,0.0,0.0,0.543,0.097,0.099,106.73,106.9,89.08,25.0,0.041
0022400707,1610612762,Utah,Jazz,203903,Jordan,Clarkson,34:57,8,17,0.471,3,8,0.375,2,2,1.0,1,3,4,3,1,0,1,21,-14.0,97.8,98.7,115.3,115.4,-17.5,-16.7,0.158,3.0,13.6,0.024,0.079,0.051,4.5,0.559,0.587,0.207,0.214,106.93,106.44,88.7,77.0,0.113
0022400707,1610612762,Utah,Jazz,1642271,Kyle,Filipowski,13:52,2,5,0.4,1,2,0.5,5,6,0.833,1,6,7,2,0,0,3,10,-6.0,92.6,90.9,115.8,109.1,-23.2,-18.2,0.25,0.67,15.4,0.05,0.462,0.212,23.1,0.5,0.654,0.289,0.302,109.87,114.23,95.19,33.0,0.138
0022400707,1610612762,Utah,Jazz,1641729,Brice,Sensabaugh,14:53,1,4,0.25,0,1,0.0,0,0,0.0,2,2,4,3,1,0,0,2,-3.0,101.7,100.0,114.5,108.6,-12.7,-8.6,0.273,0.0,42.9,0.1,0.133,0.114,0.0,0.25,0.25,0.1,0.104,109.01,112.88,94.06,35.0,0.075
0022400707,1610612762,Utah,Jazz,1630548,Johnny,Juzang,,0,0,0.0,0,0,0.0,0,0,0.0,0,0,0,0,0,0,0,0,0.0,0.0,0.0,0.0,0.0,0.0,0.0,0.0,0.0,0.0,0.0,0.0,0.0,0.0,0.0,0.0,0.0,0.0,0.0,0.0,0.0,0.0,0.0
0022400707,1610612762,Utah,Jazz,1629004,Svi,Mykhailiuk,,0,0,0.0,0,0,0.0,0,0,0.0,0,0,0,0,0,0,0,0,0.0,0.0,0.0,0.0,0.0,0.0,0.0,0.0,0.0,0.0,0.0,0.0,0.0,0.0,0.0,0.0,0.0,0.0,0.0,0.0,0.0,0.0,0.0
0022400708,1610612753,Orlando,Magic,1630532,Franz,Wagner,36:47,9,19,0.474,1,5,0.2,2,3,0.667,1,2,3,5,2,0,2,21,-8.0,93.2,93.3,99.7,101.3,-6.5,-8.0,0.227,2.5,18.5,0.022,0.054,0.037,7.4,0.5,0.517,0.244,0.25,100.04,99.18,82.65,75.0,0.093
0022400708,1610612753,Orlando,Magic,1631094,Paolo,Banchero,37:26,9,24,0.375,0,6,0.0,0,1,0.0,1,5,6,3,1,0,2,18,-24.0,87.2,87.8,117.5,118.7,-30.3,-30.8,0.15,1.5,10.3,0.021,0.143,0.073,6.9,0.375,0.368,0.299,0.304,96.35,95.53,79.61,74.0,0.06
0022400708,1610612753,Orlando,Magic,1629048,Goga,Bitadze,20:09,2,8,0.25,0,0,0.0,2,5,0.4,6,8,14,1,1,1,2,6,-19.0,68.2,66.7,110.8,114.6,-42.7,-48.0,0.1,0.5,7.7,0.207,0.444,0.298,15.4,0.25,0.294,0.24,0.25,99.43,98.86,82.38,42.0,0.121
0022400708,1610612753,Orlando,Magic,203484,Kentavious,Caldwell-Pope,32:37,4,9,0.444,1,3,0.333,0,0,0.0,2,4,6,1,1,0,0,9,-20.0,84.5,85.9,112.3,111.9,-27.8,-26.0,0.05,0.0,10.0,0.048,0.138,0.085,0.0,0.5,0.5,0.12,0.12,97.01,96.39,80.33,64.0,0.08
0022400708,1610612753,Orlando,Magic,1641710,Anthony,Black,16:14,0,0,0.0,0,0,0.0,0,0,0.0,0,1,1,1,0,0,0,0,-11.0,69.3,65.7,96.4,100.0,-27.1,-34.3,0.1,0.0,100.0,0.0,0.063,0.026,0.0,0.0,0.0,0.0,0.0,101.2,101.97,84.98,35.0,0.0
0022400708,1610612753,Orlando,Magic,203914,Gary,Harris,14:18,2,4,0.5,2,4,0.5,0,0,0.0,0,0,0,0,0,0,1,6,12.0,132.1,135.7,105.2,92.9,26.9,42.9,0.0,0.0,0.0,0.0,0.0,0.0,20.0,0.75,0.75,0.147,0.148,89.76,93.99,78.32,28.0,0.0
0022400708,1610612753,Orlando,Magic,1630175,Cole,Anthony,28:21,11,21,0.524,3,9,0.333,1,1,1.0,1,4,5,3,2,1,2,26,-7.0,112.8,110.3,126.5,126.8,-13.8,-16.4,0.176,1.5,11.5,0.029,0.148,0.081,7.7,0.595,0.606,0.315,0.334,95.56,96.51,80.42,58.0,0.167
0022400708,1610612753,Orlando,Magic,1628976,Wendell,Carter Jr.,27:51,3,4,0.75,0,0,0.0,0,0,0.0,2,7,9,7,0,0,1,6,14.0,126.1,126.8,104.5,105.6,21.6,21.2,0.25,7.0,58.3,0.067,0.233,0.15,8.3,0.75,0.75,0.072,0.074,95.55,94.79,78.99,56.0,0.167
0022400708,1610612753,Orlando,Magic,1641783,Tristan,da Silva,10:53,1,2,0.5,0,1,0.0,0,0,0.0,1,1,2,1,0,0,1,2,7.0,129.3,128.6,95.8,100.0,33.5,28.6,0.091,1.0,25.0,0.083,0.071,0.077,25.0,0.5,0.5,0.103,0.108,92.15,90.47,75.39,21.0,0.057
0022400708,1610612753,Orlando,Magic,1628371,Jonathan,Isaac,10:34,1,7,0.143,0,3,0.0,0,0,0.0,4,2,6,1,1,0,0,2,19.0,148.6,154.5,70.8,68.2,77.8,86.4,0.077,0.0,12.5,0.333,0.154,0.24,0.0,0.143,0.143,0.233,0.234,100.12,99.94,83.28,22.0,-0.022
0022400708,1610612753,Orlando,Magic,1641724,Jett,Howard,4:50,1,1,1.0,1,1,1.0,0,0,0.0,0,0,0,0,0,0,0,3,12.0,160.8,166.7,90.1,66.7,70.7,100.0,0.0,0.0,0.0,0.0,0.0,0.0,0.0,1.5,1.5,0.077,0.074,105.83,119.13,99.28,12.0,0.102
0022400708,1610612753,Orlando,Magic,202709,Cory,Joseph,,0,0,0.0,0,0,0.0,0,0,0.0,0,0,0,0,0,0,0,0,0.0,0.0,0.0,0.0,0.0,0.0,0.0,0.0,0.0,0.0,0.0,0.0,0.0,0.0,0.0,0.0,0.0,0.0,0.0,0.0,0.0,0.0,0.0
0022400708,1610612753,Orlando,Magic,1630243,Trevelin,Queen,,0,0,0.0,0,0,0.0,0,0,0.0,0,0,0,0,0,0,0,0,0.0,0.0,0.0,0.0,0.0,0.0,0.0,0.0,0.0,0.0,0.0,0.0,0.0,0.0,0.0,0.0,0.0,0.0,0.0,0.0,0.0,0.0,0.0
0022400708,1610612744,Golden State,Warriors,203952,Andrew,Wiggins,35:08,7,14,0.5,1,5,0.2,10,15,0.667,0,2,2,2,0,0,1,25,15.0,110.4,108.5,88.5,89.9,21.9,18.6,0.111,2.0,8.3,0.0,0.043,0.026,4.2,0.536,0.607,0.286,0.302,95.53,95.64,79.7,71.0,0.137
0022400708,1610612744,Golden State,Warriors,203110,Draymond,Green,28:56,2,4,0.5,0,2,0.0,0,2,0.0,0,7,7,5,1,0,2,4,9.0,98.9,98.4,86.1,85.0,12.7,13.4,0.278,2.5,41.7,0.0,0.179,0.111,16.7,0.5,0.41,0.108,0.113,99.44,100.37,83.64,61.0,0.116
0022400708,1610612744,Golden State,Warriors,1642366,Quinten,Post,20:26,2,5,0.4,1,4,0.25,2,2,1.0,0,7,7,3,1,0,0,7,6.0,94.0,97.6,86.8,83.3,7.2,14.3,0.273,0.0,33.3,0.0,0.292,0.156,0.0,0.5,0.595,0.13,0.135,98.57,98.66,82.22,42.0,0.23
0022400708,1610612744,Golden State,Warriors,1627741,Buddy,Hield,18:52,1,4,0.25,0,2,0.0,2,3,0.667,0,1,1,0,0,0,1,4,15.0,103.4,110.5,70.7,71.1,32.8,39.5,0.0,0.0,0.0,0.0,0.032,0.02,16.7,0.25,0.376,0.146,0.148,100.2,96.64,80.54,38.0,-0.04
0022400708,1610612744,Golden State,Warriors,201939,Stephen,Curry,34:18,7,21,0.333,2,12,0.167,8,8,1.0,0,1,1,5,1,0,3,24,8.0,106.7,107.1,95.4,97.1,11.2,10.0,0.294,1.67,15.6,0.0,0.023,0.013,9.4,0.381,0.489,0.342,0.354,98.3,97.24,81.03,70.0,0.11
0022400708,1610612744,Golden State,Warriors,1626172,Kevon,Looney,20:30,1,5,0.2,0,0,0.0,0,0,0.0,7,8,15,6,1,0,2,2,1.0,126.9,128.9,115.3,117.1,11.7,11.9,0.4,3.0,46.2,0.304,0.296,0.3,15.4,0.2,0.2,0.149,0.15,93.94,92.49,77.07,38.0,0.127
0022400708,1610612744,Golden State,Warriors,1627780,Gary,Payton II,15:29,2,4,0.5,0,2,0.0,0,0,0.0,0,2,2,1,1,0,0,4,-5.0,130.4,121.4,126.3,130.0,4.1,-8.6,0.1,0.0,20.0,0.0,0.118,0.067,0.0,0.5,0.5,0.121,0.129,88.3,89.91,74.93,28.0,0.055
0022400708,1610612744,Golden State,Warriors,203471,Dennis,Schröder,18:37,3,6,0.5,3,3,1.0,0,0,0.0,0,2,2,1,2,0,1,9,-9.0,115.1,113.5,133.5,127.5,-18.4,-14.0,0.111,1.0,12.5,0.0,0.111,0.048,12.5,0.75,0.75,0.152,0.157,96.27,99.26,82.71,37.0,0.089
0022400708,1610612744,Golden State,Warriors,1641764,Brandin,Podziemski,21:19,3,6,0.5,2,4,0.5,0,0,0.0,1,4,5,2,2,0,2,8,-9.0,98.8,97.7,118.1,115.9,-19.3,-18.2,0.154,1.0,20.0,0.05,0.19,0.122,20.0,0.667,0.667,0.17,0.176,96.54,97.98,81.65,43.0,0.123
0022400708,1610612744,Golden State,Warriors,1630541,Moses,Moody,23:58,6,9,0.667,3,5,0.6,2,4,0.5,0,1,1,0,0,0,0,17,-2.0,106.5,106.1,111.0,110.2,-4.5,-4.1,0.0,0.0,0.0,0.0,0.04,0.019,0.0,0.833,0.79,0.19,0.194,97.64,98.16,81.8,49.0,0.144
0022400708,1610612744,Golden State,Warriors,1630611,Gui,Santos,2:27,0,0,0.0,0,0,0.0,0,0,0.0,1,0,1,0,0,0,1,0,-4.0,82.0,100.0,155.3,166.7,-73.3,-66.7,0.0,0.0,0.0,0.167,0.0,0.111,100.0,0.0,0.0,0.111,0.107,134.79,117.55,97.96,6.0,-0.038
0022400708,1610612744,Golden State,Warriors,203937,Kyle,Anderson,,0,0,0.0,0,0,0.0,0,0,0.0,0,0,0,0,0,0,0,0,0.0,0.0,0.0,0.0,0.0,0.0,0.0,0.0,0.0,0.0,0.0,0.0,0.0,0.0,0.0,0.0,0.0,0.0,0.0,0.0,0.0,0.0,0.0
0022400708,1610612744,Golden State,Warriors,1631218,Trayce,Jackson-Davis,,0,0,0.0,0,0,0.0,0,0,0.0,0,0,0,0,0,0,0,0,0.0,0.0,0.0,0.0,0.0,0.0,0.0,0.0,0.0,0.0,0.0,0.0,0.0,0.0,0.0,0.0,0.0,0.0,0.0,0.0,0.0,0.0,0.0
0022400708,1610612744,Golden State,Warriors,1630322,Lindy,Waters III,,0,0,0.0,0,0,0.0,0,0,0.0,0,0,0,0,0,0,0,0,0.0,0.0,0.0,0.0,0.0,0.0,0.0,0.0,0.0,0.0,0.0,0.0,0.0,0.0,0.0,0.0,0.0,0.0,0.0,0.0,0.0,0.0,0.0
0022400709,1610612756,Phoenix,Suns,1642346,Ryan,Dunn,12:26,0,1,0.0,0,0,0.0,0,0,0.0,0,4,4,0,0,0,2,0,-13.0,105.2,96.2,142.6,140.7,-37.4,-44.6,0.0,0.0,0.0,0.0,0.333,0.167,66.7,0.0,0.0,0.107,0.116,97.34,102.36,85.3,26.0,-0.047
0022400709,1610612756,Phoenix,Suns,201142,Kevin,Durant,45:50,10,21,0.476,2,9,0.222,5,6,0.833,0,5,5,5,1,2,4,27,-4.0,118.7,117.8,124.4,122.2,-5.7,-4.4,0.2,1.25,15.2,0.0,0.104,0.057,12.1,0.524,0.571,0.289,0.291,93.08,94.25,78.55,90.0,0.108
0022400709,1610612756,Phoenix,Suns,1630208,Nick,Richards,17:48,1,4,0.25,0,0,0.0,0,0,0.0,2,5,7,2,1,1,1,2,-16.0,88.9,85.7,132.8,131.4,-43.9,-45.7,0.2,2.0,28.6,0.118,0.294,0.206,14.3,0.25,0.25,0.132,0.136,92.22,94.38,78.65,35.0,0.088
0022400709,1610612756,Phoenix,Suns,1626164,Devin,Booker,46:34,9,18,0.5,3,8,0.375,13,14,0.929,0,3,3,4,0,0,1,34,4.0,120.1,116.7,117.3,113.5,2.8,3.2,0.16,4.0,13.8,0.0,0.064,0.034,3.4,0.583,0.704,0.253,0.259,89.46,92.26,76.88,90.0,0.13
0022400709,1610612756,Phoenix,Suns,1626145,Tyus,Jones,16:36,0,3,0.0,0,2,0.0,0,0,0.0,0,0,0,3,1,0,1,0,-8.0,103.5,100.0,132.2,131.3,-28.7,-31.3,0.3,3.0,42.9,0.0,0.0,0.0,14.3,0.0,0.0,0.108,0.112,93.4,95.42,79.52,34.0,0.0
0022400709,1610612756,Phoenix,Suns,203078,Bradley,Beal,38:07,8,17,0.471,3,8,0.375,6,6,1.0,2,3,5,3,3,1,3,25,12.0,127.8,127.0,113.2,110.8,14.6,16.2,0.13,1.0,11.5,0.061,0.081,0.071,11.5,0.559,0.636,0.284,0.286,91.93,93.19,77.66,74.0,0.125
0022400709,1610612756,Phoenix,Suns,1628960,Grayson,Allen,34:03,4,9,0.444,3,8,0.375,0,0,0.0,1,2,3,2,2,1,0,11,2.0,114.5,113.6,119.4,112.3,-4.9,1.3,0.091,0.0,18.2,0.031,0.065,0.048,0.0,0.611,0.611,0.123,0.124,89.22,92.32,76.93,66.0,0.083
0022400709,1610612756,Phoenix,Suns,203486,Mason,Plumlee,21:04,3,4,0.75,0,0,0.0,0,2,0.0,4,8,12,4,0,0,1,6,12.0,124.3,124.4,101.1,95.7,23.2,28.8,0.267,4.0,40.0,0.211,0.348,0.286,10.0,0.75,0.615,0.12,0.12,100.92,103.7,86.42,45.0,0.144
0022400709,1610612756,Phoenix,Suns,1626220,Royce,O'Neale,32:33,5,8,0.625,4,7,0.571,0,0,0.0,1,3,4,5,4,0,1,14,1.0,115.9,112.9,112.5,111.3,3.4,1.6,0.238,5.0,35.7,0.032,0.107,0.068,7.1,0.875,0.875,0.13,0.134,89.76,91.44,76.2,62.0,0.154
0022400709,1610612756,Phoenix,Suns,1629626,Bol,Bol,,0,0,0.0,0,0,0.0,0,0,0.0,0,0,0,0,0,0,0,0,0.0,0.0,0.0,0.0,0.0,0.0,0.0,0.0,0.0,0.0,0.0,0.0,0.0,0.0,0.0,0.0,0.0,0.0,0.0,0.0,0.0,0.0,0.0
0022400709,1610612756,Phoenix,Suns,1631221,Collin,Gillespie,,0,0,0.0,0,0,0.0,0,0,0.0,0,0,0,0,0,0,0,0,0.0,0.0,0.0,0.0,0.0,0.0,0.0,0.0,0.0,0.0,0.0,0.0,0.0,0.0,0.0,0.0,0.0,0.0,0.0,0.0,0.0,0.0,0.0
0022400709,1610612756,Phoenix,Suns,1642345,Oso,Ighodaro,,0,0,0.0,0,0,0.0,0,0,0.0,0,0,0,0,0,0,0,0,0.0,0.0,0.0,0.0,0.0,0.0,0.0,0.0,0.0,0.0,0.0,0.0,0.0,0.0,0.0,0.0,0.0,0.0,0.0,0.0,0.0,0.0,0.0
0022400709,1610612756,Phoenix,Suns,1627814,Damion,Lee,,0,0,0.0,0,0,0.0,0,0,0.0,0,0,0,0,0,0,0,0,0.0,0.0,0.0,0.0,0.0,0.0,0.0,0.0,0.0,0.0,0.0,0.0,0.0,0.0,0.0,0.0,0.0,0.0,0.0,0.0,0.0,0.0,0.0
0022400709,1610612756,Phoenix,Suns,1628420,Monté,Morris,,0,0,0.0,0,0,0.0,0,0,0.0,0,0,0,0,0,0,0,0,0.0,0.0,0.0,0.0,0.0,0.0,0.0,0.0,0.0,0.0,0.0,0.0,0.0,0.0,0.0,0.0,0.0,0.0,0.0,0.0,0.0,0.0,0.0
0022400709,1610612756,Phoenix,Suns,203994,Jusuf,Nurkić,,0,0,0.0,0,0,0.0,0,0,0.0,0,0,0,0,0,0,0,0,0.0,0.0,0.0,0.0,0.0,0.0,0.0,0.0,0.0,0.0,0.0,0.0,0.0,0.0,0.0,0.0,0.0,0.0,0.0,0.0,0.0,0.0,0.0
0022400709,1610612757,Portland,Trail Blazers,203924,Jerami,Grant,41:23,5,13,0.385,3,9,0.333,1,2,0.5,3,2,5,4,0,0,1,14,-13.0,112.8,108.4,127.9,124.1,-15.1,-15.7,0.148,4.0,21.1,0.068,0.054,0.062,5.3,0.5,0.504,0.152,0.16,93.0,96.27,80.23,83.0,0.057
0022400709,1610612757,Portland,Trail Blazers,1641739,Toumani,Camara,45:06,6,8,0.75,5,7,0.714,0,0,0.0,0,5,5,1,1,1,1,17,14.0,128.2,126.7,110.1,109.2,18.2,17.5,0.033,1.0,10.0,0.0,0.125,0.059,10.0,1.063,1.063,0.09,0.093,91.17,92.06,76.72,86.0,0.098
0022400709,1610612757,Portland,Trail Blazers,1629028,Deandre,Ayton,42:08,9,22,0.409,0,1,0.0,7,8,0.875,9,11,20,2,1,1,0,25,13.0,122.0,120.7,106.9,106.2,15.1,14.6,0.083,0.0,7.1,0.2,0.297,0.244,0.0,0.409,0.49,0.271,0.279,92.03,92.85,77.37,82.0,0.159
0022400709,1610612757,Portland,Trail Blazers,1630166,Deni,Avdija,43:30,8,12,0.667,3,6,0.5,5,5,1.0,0,8,8,5,1,0,4,24,12.0,131.3,128.0,112.9,110.7,18.3,17.3,0.192,1.25,21.7,0.0,0.211,0.11,17.4,0.792,0.845,0.196,0.202,89.59,91.6,76.33,82.0,0.127
0022400709,1610612757,Portland,Trail Blazers,1629014,Anfernee,Simons,41:45,4,16,0.25,2,8,0.25,3,4,0.75,1,1,2,10,2,0,3,13,1.0,122.1,115.5,122.5,117.1,-0.4,-1.6,0.357,3.33,32.3,0.025,0.026,0.025,9.7,0.313,0.366,0.216,0.23,90.73,95.44,79.53,84.0,0.03
0022400709,1610612757,Portland,Trail Blazers,1630703,Scoot,Henderson,22:24,4,9,0.444,2,5,0.4,5,5,1.0,0,2,2,6,1,0,2,15,0.0,114.7,108.7,106.6,106.4,8.1,2.3,0.545,3.0,31.6,0.0,0.091,0.043,10.5,0.556,0.67,0.25,0.267,97.0,99.66,83.05,46.0,0.169
0022400709,1610612757,Portland,Trail Blazers,1631101,Shaedon,Sharpe,19:11,2,5,0.4,1,4,0.25,4,4,1.0,0,1,1,2,0,0,1,9,-11.0,89.9,87.2,122.4,115.4,-32.6,-28.2,0.222,2.0,20.0,0.0,0.063,0.029,10.0,0.5,0.666,0.182,0.191,93.33,97.58,81.32,39.0,0.109
0022400709,1610612757,Portland,Trail Blazers,1642270,Donovan,Clingan,9:34,2,4,0.5,0,0,0.0,0,2,0.0,1,4,5,0,0,0,0,4,-6.0,109.4,100.0,135.8,135.0,-26.4,-35.0,0.0,0.0,0.0,0.143,0.364,0.278,0.0,0.5,0.41,0.217,0.236,98.04,102.86,85.71,21.0,0.071
0022400709,1610612757,Portland,Trail Blazers,1630625,Dalano,Banton,,0,0,0.0,0,0,0.0,0,0,0.0,0,0,0,0,0,0,0,0,0.0,0.0,0.0,0.0,0.0,0.0,0.0,0.0,0.0,0.0,0.0,0.0,0.0,0.0,0.0,0.0,0.0,0.0,0.0,0.0,0.0,0.0,0.0
0022400709,1610612757,Portland,Trail Blazers,1631200,Kris,Murray,,0,0,0.0,0,0,0.0,0,0,0.0,0,0,0,0,0,0,0,0,0.0,0.0,0.0,0.0,0.0,0.0,0.0,0.0,0.0,0.0,0.0,0.0,0.0,0.0,0.0,0.0,0.0,0.0,0.0,0.0,0.0,0.0,0.0
0022400709,1610612757,Portland,Trail Blazers,1629680,Matisse,Thybulle,,0,0,0.0,0,0,0.0,0,0,0.0,0,0,0,0,0,0,0,0,0.0,0.0,0.0,0.0,0.0,0.0,0.0,0.0,0.0,0.0,0.0,0.0,0.0,0.0,0.0,0.0,0.0,0.0,0.0,0.0,0.0,0.0,0.0
0022400709,1610612757,Portland,Trail Blazers,1631133,Jabari,Walker,,0,0,0.0,0,0,0.0,0,0,0.0,0,0,0,0,0,0,0,0,0.0,0.0,0.0,0.0,0.0,0.0,0.0,0.0,0.0,0.0,0.0,0.0,0.0,0.0,0.0,0.0,0.0,0.0,0.0,0.0,0.0,0.0,0.0
0022400709,1610612757,Portland,Trail Blazers,1629057,Robert,Williams III,,0,0,0.0,0,0,0.0,0,0,0.0,0,0,0,0,0,0,0,0,0.0,0.0,0.0,0.0,0.0,0.0,0.0,0.0,0.0,0.0,0.0,0.0,0.0,0.0,0.0,0.0,0.0,0.0,0.0,0.0,0.0,0.0,0.0
