gameId,teamId,teamCity,teamName,teamTricode,teamSlug,personId,firstName,familyName,nameI,playerSlug,position,comment,jerseyNum,minutes,estimatedOffensiveRating,offensiveRating,estimatedDefensiveRating,defensiveRating,estimatedNetRating,netRating,assistPercentage,assistToTurnover,assistRatio,offensiveReboundPercentage,defensiveReboundPercentage,reboundPercentage,turnoverRatio,effectiveFieldGoalPercentage,trueShootingPercentage,usagePercentage,estimatedUsagePercentage,estimatedPace,pace,pacePer40,possessions,PIE,GAME_ID
0022400700,1610612764,Washington,Wizards,WAS,wizards,1642273,Kyshawn,George,K. George,kyshawn-george,F,,,18:13,117.7,113.2,111.0,110.5,6.8,2.6,0.077,0.0,20.0,0.091,0.111,0.1,0.0,0.75,0.75,0.091,0.094,97.97,100.13,83.44,38.0,0.056,0022400700
0022400700,1610612764,Washington,Wizards,WAS,wizards,1628398,Kyle,Kuzma,K. Kuzma,kyle-kuzma,F,,,30:33,109.0,105.9,114.7,116.2,-5.7,-10.3,0.118,1.0,7.7,0.023,0.103,0.056,7.7,0.452,0.493,0.304,0.312,105.99,106.84,89.03,68.0,0.092,0022400700
0022400700,1610612764,Washington,Wizards,WAS,wizards,202685,Jonas,Valančiūnas,J. Valančiūnas,jonas-valančiūnas,C,,,28:40,120.1,118.0,125.2,128.8,-5.2,-10.8,0.19,4.0,20.0,0.216,0.346,0.27,5.0,0.429,0.457,0.222,0.225,101.0,100.47,83.72,61.0,0.121,0022400700
0022400700,1610612764,Washington,Wizards,WAS,wizards,1641731,Bilal,Coulibaly,B. Coulibaly,bilal-coulibaly,G,,,37:16,118.3,114.8,123.2,125.6,-4.9,-10.8,0.12,0.0,14.3,0.0,0.135,0.06,0.0,0.688,0.714,0.191,0.197,101.86,102.4,85.33,81.0,0.141,0022400700
0022400700,1610612764,Washington,Wizards,WAS,wizards,1629673,Jordan,Poole,J. Poole,jordan-poole,G,,,31:38,119.3,116.4,123.0,126.2,-3.7,-9.7,0.222,2.0,30.0,0.0,0.097,0.043,15.0,0.273,0.273,0.175,0.179,100.21,100.15,83.46,67.0,0.02,0022400700
0022400700,1610612764,Washington,Wizards,WAS,wizards,1630557,Corey,Kispert,C. Kispert,corey-kispert,,,,28:35,135.4,136.1,101.2,105.0,34.3,31.1,0.19,2.0,20.0,0.063,0.065,0.063,10.0,0.885,0.901,0.219,0.218,103.75,101.6,84.66,61.0,0.171,0022400700
0022400700,1610612764,Washington,Wizards,WAS,wizards,1642267,Bub,Carrington,B. Carrington,bub-carrington,,,,12:20,109.0,112.5,123.7,126.1,-14.7,-13.6,0.111,0.0,14.3,0.067,0.0,0.033,0.0,0.333,0.333,0.2,0.195,93.79,91.46,76.22,24.0,0.029,0022400700
0022400700,1610612764,Washington,Wizards,WAS,wizards,1626158,Richaun,Holmes,R. Holmes,richaun-holmes,,,,18:40,123.5,121.4,93.5,95.0,30.0,26.4,0.059,0.0,33.3,0.143,0.318,0.233,0.0,0.0,0.0,0.041,0.041,105.33,105.43,87.86,42.0,0.056,0022400700
0022400700,1610612764,Washington,Wizards,WAS,wizards,1627763,Malcolm,Brogdon,M. Brogdon,malcolm-brogdon,,,,21:33,121.7,120.4,98.2,100.0,23.5,20.4,0.467,3.5,31.8,0.038,0.125,0.08,9.1,0.444,0.597,0.273,0.275,107.27,106.91,89.1,49.0,0.176,0022400700
0022400700,1610612764,Washington,Wizards,WAS,wizards,1630551,Justin,Champagnie,J. Champagnie,justin-champagnie,,,,12:32,148.5,144.8,55.6,57.1,92.9,87.7,0.0,0.0,0.0,0.0,0.118,0.065,0.0,0.833,0.833,0.088,0.09,109.23,109.15,90.96,29.0,0.165,0022400700
0022400700,1610612764,Washington,Wizards,WAS,wizards,1631098,Johnny,Davis,J. Davis,johnny-davis,,DNP - Coach's Decision,,,0.0,0.0,0.0,0.0,0.0,0.0,0.0,0.0,0.0,0.0,0.0,0.0,0.0,0.0,0.0,0.0,0.0,0.0,0.0,0.0,0.0,0.0,0022400700
0022400700,1610612764,Washington,Wizards,WAS,wizards,1630264,Anthony,Gill,A. Gill,anthony-gill,,DNP - Coach's Decision,,,0.0,0.0,0.0,0.0,0.0,0.0,0.0,0.0,0.0,0.0,0.0,0.0,0.0,0.0,0.0,0.0,0.0,0.0,0.0,0.0,0.0,0.0,0022400700
0022400700,1610612764,Washington,Wizards,WAS,wizards,1641774,Tristan,Vukcevic,T. Vukcevic,tristan-vukcevic,,DNP - Coach's Decision,,,0.0,0.0,0.0,0.0,0.0,0.0,0.0,0.0,0.0,0.0,0.0,0.0,0.0,0.0,0.0,0.0,0.0,0.0,0.0,0.0,0.0,0.0,0022400700
0022400700,1610612766,Charlotte,Hornets,CHA,hornets,1630182,Josh,Green,J. Green,josh-green,F,,,36:51,124.7,127.3,114.7,111.4,10.0,15.9,0.033,1.0,10.0,0.0,0.065,0.036,10.0,0.643,0.661,0.103,0.103,101.13,101.6,84.67,77.0,0.05,0022400700
0022400700,1610612766,Charlotte,Hornets,CHA,hornets,1628970,Miles,Bridges,M. Bridges,miles-bridges,F,,,36:42,124.7,127.3,111.5,108.9,13.3,18.4,0.4,5.0,28.6,0.086,0.156,0.125,5.7,0.476,0.527,0.287,0.286,101.83,102.02,85.01,77.0,0.164,0022400700
0022400700,1610612766,Charlotte,Hornets,CHA,hornets,1631109,Mark,Williams,M. Williams,mark-williams,C,,,32:09,116.7,119.4,119.3,113.0,-2.6,6.4,0.105,0.0,11.1,0.063,0.261,0.179,0.0,0.583,0.701,0.216,0.215,100.03,101.55,84.63,67.0,0.213,0022400700
0022400700,1610612766,Charlotte,Hornets,CHA,hornets,1641733,Nick,Smith Jr.,N. Smith Jr.,nick-smith-jr,G,,,38:54,109.8,111.0,125.4,121.4,-15.6,-10.5,0.095,1.0,9.5,0.026,0.061,0.046,9.5,0.688,0.711,0.216,0.216,101.33,102.42,85.35,82.0,0.097,0022400700
0022400700,1610612766,Charlotte,Hornets,CHA,hornets,203995,Vasilije,Micić,V. Micić,vasilije-micić,G,,,28:30,107.8,106.6,129.2,127.4,-21.3,-20.9,0.278,0.0,25.0,0.0,0.088,0.048,0.0,0.393,0.437,0.231,0.237,102.27,103.58,86.32,61.0,0.07,0022400700
0022400700,1610612766,Charlotte,Hornets,CHA,hornets,1642354,KJ,Simpson,K. Simpson,kj-simpson,,,,24:12,105.8,110.2,115.4,111.5,-9.6,-1.3,0.063,1.0,7.7,0.037,0.094,0.068,7.7,0.3,0.398,0.214,0.21,100.48,100.17,83.47,49.0,0.027,0022400700
0022400700,1610612766,Charlotte,Hornets,CHA,hornets,203552,Seth,Curry,S. Curry,seth-curry,,,,8:59,112.5,121.1,106.0,110.0,6.6,11.1,0.222,2.0,50.0,0.0,0.0,0.0,25.0,0.0,0.0,0.083,0.082,110.07,104.19,86.83,19.0,0.0,0022400700
0022400700,1610612766,Charlotte,Hornets,CHA,hornets,1631217,Moussa,Diabaté,M. Diabaté,moussa-diabaté,,,,16:23,97.8,100.0,122.0,124.3,-24.1,-24.3,0.083,1.0,16.7,0.111,0.333,0.212,16.7,0.5,0.665,0.132,0.132,106.23,104.06,86.72,34.0,0.113,0022400700
0022400700,1610612766,Charlotte,Hornets,CHA,hornets,1629610,DaQuan,Jeffries,D. Jeffries,daquan-jeffries,,,,11:52,59.8,61.5,149.6,151.9,-89.8,-90.3,0.25,0.0,20.0,0.0,0.077,0.036,0.0,0.25,0.25,0.148,0.149,109.54,107.19,89.33,26.0,-0.021,0022400700
0022400700,1610612766,Charlotte,Hornets,CHA,hornets,1631209,Isaiah,Wong,I. Wong,isaiah-wong,,,,5:29,74.5,78.6,158.2,153.8,-83.7,-75.3,0.5,0.5,20.0,0.0,0.0,0.0,40.0,0.75,0.75,0.267,0.271,119.93,118.18,98.48,14.0,0.0,0022400700
0022400700,1610612766,Charlotte,Hornets,CHA,hornets,201959,Taj,Gibson,T. Gibson,taj-gibson,,DNP - Coach's Decision,,,0.0,0.0,0.0,0.0,0.0,0.0,0.0,0.0,0.0,0.0,0.0,0.0,0.0,0.0,0.0,0.0,0.0,0.0,0.0,0.0,0.0,0.0,0022400700
0022400700,1610612766,Charlotte,Hornets,CHA,hornets,1629684,Grant,Williams,G. Williams,grant-williams,,DND - Injury/Illness,,,0.0,0.0,0.0,0.0,0.0,0.0,0.0,0.0,0.0,0.0,0.0,0.0,0.0,0.0,0.0,0.0,0.0,0.0,0.0,0.0,0.0,0.0,0022400700
0022400701,1610612737,Atlanta,Hawks,ATL,hawks,1642258,Zaccharie,Risacher,Z. Risacher,zaccharie-risacher,F,,,25:40,120.5,123.7,122.5,118.6,-1.9,5.1,0.111,0.0,15.4,0.0,0.125,0.065,0.0,0.667,0.73,0.18,0.179,110.08,110.34,91.95,59.0,0.125,0022400701
0022400701,1610612737,Atlanta,Hawks,ATL,hawks,1629631,De'Andre,Hunter,D. Hunter,deandre-hunter,F,,,30:44,121.4,122.1,129.9,127.9,-8.4,-5.9,0.0,0.0,0.0,0.0,0.0,0.0,0.0,0.643,0.672,0.208,0.21,105.7,106.2,88.5,68.0,0.056,0022400701
0022400701,1610612737,Atlanta,Hawks,ATL,hawks,1630168,Onyeka,Okongwu,O. Okongwu,onyeka-okongwu,C,,,28:08,116.4,115.6,135.9,133.3,-19.5,-17.7,0.053,1.0,11.1,0.043,0.318,0.178,11.1,0.714,0.761,0.119,0.122,106.94,108.34,90.28,64.0,0.101,0022400701
0022400701,1610612737,Atlanta,Hawks,ATL,hawks,1630700,Dyson,Daniels,D. Daniels,dyson-daniels,G,,,36:25,118.3,117.5,130.4,128.8,-12.1,-11.3,0.28,1.75,26.9,0.031,0.156,0.094,15.4,0.65,0.66,0.226,0.23,104.42,105.45,87.87,80.0,0.115,0022400701
0022400701,1610612737,Atlanta,Hawks,ATL,hawks,1629027,Trae,Young,T. Young,trae-young,G,,,34:56,117.6,116.5,135.7,133.8,-18.1,-17.3,0.45,1.8,25.0,0.0,0.0,0.0,13.9,0.688,0.767,0.325,0.328,105.84,107.16,89.3,79.0,0.132,0022400701
0022400701,1610612737,Atlanta,Hawks,ATL,hawks,1630811,Keaton,Wallace,K. Wallace,keaton-wallace,,,,13:04,138.1,142.9,97.0,93.1,41.1,49.8,0.308,4.0,50.0,0.0,0.0,0.0,12.5,0.0,0.347,0.129,0.134,104.38,104.75,87.29,28.0,0.0,0022400701
0022400701,1610612737,Atlanta,Hawks,ATL,hawks,1626204,Larry,Nance Jr.,L. Nance Jr.,larry-nance-jr,,,,19:52,133.0,138.1,109.7,107.0,23.3,31.1,0.154,0.0,20.0,0.091,0.4,0.238,0.0,0.75,0.75,0.174,0.172,103.31,102.68,85.57,42.0,0.217,0022400701
0022400701,1610612737,Atlanta,Hawks,ATL,hawks,1630249,Vít,Krejčí,V. Krejčí,vít-krejčí,,,,28:18,127.4,128.3,129.3,124.2,-1.9,4.1,0.111,2.0,16.7,0.0,0.154,0.073,8.3,0.722,0.722,0.154,0.155,101.77,103.46,86.22,60.0,0.096,0022400701
0022400701,1610612737,Atlanta,Hawks,ATL,hawks,1629726,Garrison,Mathews,G. Mathews,garrison-mathews,,,,11:35,137.1,146.2,109.2,103.8,27.9,42.3,0.0,0.0,0.0,0.0,0.4,0.174,0.0,0.0,0.237,0.207,0.202,108.65,107.74,89.78,26.0,0.0,0022400701
0022400701,1610612737,Atlanta,Hawks,ATL,hawks,1631230,Dominick,Barlow,D. Barlow,dominick-barlow,,,,11:18,124.2,124.0,109.6,104.0,14.6,20.0,0.0,0.0,0.0,0.071,0.091,0.08,0.0,0.0,0.0,0.036,0.037,103.39,106.19,88.5,25.0,0.0,0022400701
0022400701,1610612737,Atlanta,Hawks,ATL,hawks,1631243,Mouhamed,Gueye,M. Gueye,mouhamed-gueye,,DNP - Coach's Decision,,,0.0,0.0,0.0,0.0,0.0,0.0,0.0,0.0,0.0,0.0,0.0,0.0,0.0,0.0,0.0,0.0,0.0,0.0,0.0,0.0,0.0,0.0,0022400701
0022400701,1610612737,Atlanta,Hawks,ATL,hawks,1631223,David,Roddy,D. Roddy,david-roddy,,DNP - Coach's Decision,,,0.0,0.0,0.0,0.0,0.0,0.0,0.0,0.0,0.0,0.0,0.0,0.0,0.0,0.0,0.0,0.0,0.0,0.0,0.0,0.0,0.0,0.0,0022400701
0022400701,1610612765,Detroit,Pistons,DET,pistons,1641709,Ausar,Thompson,A. Thompson,ausar-thompson,F,,,25:25,130.1,131.5,123.4,123.2,6.7,8.3,0.211,1.33,25.0,0.0,0.182,0.103,18.8,0.667,0.752,0.207,0.205,104.32,103.87,86.56,54.0,0.099,0022400701
0022400701,1610612765,Detroit,Pistons,DET,pistons,202699,Tobias,Harris,T. Harris,tobias-harris,F,,,35:14,133.6,132.1,116.4,116.7,17.2,15.4,0.069,0.0,11.1,0.0,0.133,0.067,0.0,0.615,0.684,0.184,0.186,105.8,106.26,88.55,78.0,0.109,0022400701
0022400701,1610612765,Detroit,Pistons,DET,pistons,1631105,Jalen,Duren,J. Duren,jalen-duren,C,,,28:39,133.8,129.2,117.4,118.5,16.3,10.8,0.045,0.5,7.1,0.125,0.261,0.191,14.3,0.8,0.827,0.181,0.186,107.53,108.9,90.75,65.0,0.136,0022400701
0022400701,1610612765,Detroit,Pistons,DET,pistons,203501,Tim,Hardaway Jr.,T. Hardaway Jr.,tim-hardaway-jr,G,,,26:58,135.9,131.3,115.1,116.4,20.8,14.9,0.143,4.0,30.8,0.083,0.0,0.043,7.7,0.357,0.444,0.127,0.131,109.9,111.25,92.71,64.0,0.02,0022400701
0022400701,1610612765,Detroit,Pistons,DET,pistons,1630595,Cade,Cunningham,C. Cunningham,cade-cunningham,G,,,38:05,134.6,131.8,123.9,122.9,10.7,8.9,0.467,4.67,31.1,0.03,0.147,0.09,6.7,0.37,0.522,0.326,0.333,104.31,105.87,88.23,85.0,0.144,0022400701
0022400701,1610612765,Detroit,Pistons,DET,pistons,1627736,Malik,Beasley,M. Beasley,malik-beasley,,,,24:28,115.3,109.3,123.4,125.9,-8.0,-16.7,0.143,2.0,14.3,0.038,0.167,0.1,7.1,0.818,0.818,0.2,0.21,104.25,105.94,88.28,54.0,0.145,0022400701
0022400701,1610612765,Detroit,Pistons,DET,pistons,1630191,Isaiah,Stewart,I. Stewart,isaiah-stewart,,,,19:21,112.4,109.5,132.2,134.1,-19.8,-24.6,0.111,0.0,12.5,0.167,0.091,0.125,0.0,0.667,0.683,0.156,0.159,102.35,102.95,85.79,42.0,0.139,0022400701
0022400701,1610612765,Detroit,Pistons,DET,pistons,1631323,Simone,Fontecchio,S. Fontecchio,simone-fontecchio,,,,16:15,116.1,111.4,143.5,138.9,-27.4,-27.5,0.0,0.0,0.0,0.0,0.0,0.0,0.0,0.333,0.515,0.108,0.112,101.08,104.86,87.38,35.0,0.0,0022400701
0022400701,1610612765,Detroit,Pistons,DET,pistons,1631204,Marcus,Sasser,M. Sasser,marcus-sasser,,,,9:55,87.7,85.7,120.8,130.4,-33.1,-44.7,0.4,1.0,33.3,0.0,0.273,0.15,33.3,0.0,0.532,0.19,0.195,109.78,106.49,88.74,21.0,0.113,0022400701
0022400701,1610612765,Detroit,Pistons,DET,pistons,1641842,Ronald,Holland II,R. Holland II,ronald-holland-ii,,,,15:40,103.3,100.0,131.6,138.2,-28.3,-38.2,0.167,0.5,16.7,0.0,0.158,0.088,33.3,0.833,0.872,0.139,0.143,105.15,104.17,86.81,34.0,0.064,0022400701
0022400701,1610612765,Detroit,Pistons,DET,pistons,1631111,Wendell,Moore Jr.,W. Moore Jr.,wendell-moore-jr,,DNP - Coach's Decision,,,0.0,0.0,0.0,0.0,0.0,0.0,0.0,0.0,0.0,0.0,0.0,0.0,0.0,0.0,0.0,0.0,0.0,0.0,0.0,0.0,0.0,0.0,0022400701
0022400701,1610612765,Detroit,Pistons,DET,pistons,1630194,Paul,Reed,P. Reed,paul-reed,,DNP - Coach's Decision,,,0.0,0.0,0.0,0.0,0.0,0.0,0.0,0.0,0.0,0.0,0.0,0.0,0.0,0.0,0.0,0.0,0.0,0.0,0.0,0.0,0.0,0.0,0022400701
0022400702,1610612745,Houston,Rockets,HOU,rockets,1628415,Dillon,Brooks,D. Brooks,dillon-brooks,F,,,39:52,97.8,102.3,110.5,117.2,-12.6,-14.9,0.029,1.0,6.7,0.061,0.07,0.065,6.7,0.375,0.427,0.128,0.131,110.33,104.74,87.29,87.0,0.03,0022400702
0022400702,1610612745,Houston,Rockets,HOU,rockets,1631106,Tari,Eason,T. Eason,tari-eason,F,,,33:41,106.1,111.4,123.0,130.1,-16.9,-18.7,0.036,1.0,7.7,0.077,0.1,0.087,7.7,0.5,0.524,0.135,0.137,107.42,101.89,84.91,70.0,0.068,0022400702
0022400702,1610612745,Houston,Rockets,HOU,rockets,1630256,Jae'Sean,Tate,J. Tate,jaesean-tate,C,,,21:31,108.6,106.7,135.4,146.9,-26.8,-40.3,0.353,0.0,46.2,0.045,0.0,0.025,0.0,0.571,0.571,0.132,0.137,108.56,104.82,87.35,45.0,0.082,0022400702
0022400702,1610612745,Houston,Rockets,HOU,rockets,1630224,Jalen,Green,J. Green,jalen-green,G,,,36:12,101.3,105.3,126.1,134.7,-24.7,-29.3,0.208,0.83,14.7,0.024,0.121,0.068,17.6,0.432,0.459,0.312,0.315,104.83,99.47,82.89,75.0,0.068,0022400702
0022400702,1610612745,Houston,Rockets,HOU,rockets,1641708,Amen,Thompson,A. Thompson,amen-thompson,G,,,37:00,109.8,114.6,120.3,121.0,-10.5,-6.4,0.393,3.67,32.4,0.089,0.219,0.143,8.8,0.529,0.623,0.219,0.224,108.38,105.73,88.11,82.0,0.184,0022400702
0022400702,1610612745,Houston,Rockets,HOU,rockets,203500,Steven,Adams,S. Adams,steven-adams,,,,26:29,110.4,114.8,96.2,96.3,14.2,18.5,0.043,1.0,9.1,0.2,0.188,0.194,9.1,0.444,0.444,0.127,0.131,106.45,104.24,86.87,61.0,0.095,0022400702
0022400702,1610612745,Houston,Rockets,HOU,rockets,1628988,Aaron,Holiday,A. Holiday,aaron-holiday,,,,16:52,135.5,134.2,123.9,120.5,11.5,13.7,0.0,0.0,0.0,0.0,0.1,0.049,9.1,0.75,0.75,0.229,0.236,107.57,109.62,91.35,38.0,0.08,0022400702
0022400702,1610612745,Houston,Rockets,HOU,rockets,1641715,Cam,Whitmore,C. Whitmore,cam-whitmore,,,,22:40,117.1,118.4,94.7,98.0,22.4,20.4,0.063,1.0,5.9,0.0,0.161,0.088,5.9,0.571,0.587,0.276,0.278,107.2,104.83,87.36,49.0,0.184,0022400702
0022400702,1610612745,Houston,Rockets,HOU,rockets,1642263,Reed,Sheppard,R. Sheppard,reed-sheppard,,,,5:44,151.3,164.3,30.8,33.3,120.5,131.0,0.125,1.0,25.0,0.143,0.0,0.056,25.0,0.0,0.0,0.176,0.174,118.05,108.84,90.7,14.0,-0.062,0022400702
0022400702,1610612745,Houston,Rockets,HOU,rockets,201145,Jeff,Green,J. Green,jeff-green,,DNP - Coach's Decision,,,0.0,0.0,0.0,0.0,0.0,0.0,0.0,0.0,0.0,0.0,0.0,0.0,0.0,0.0,0.0,0.0,0.0,0.0,0.0,0.0,0.0,0.0,0022400702
0022400702,1610612745,Houston,Rockets,HOU,rockets,1629111,Jock,Landale,J. Landale,jock-landale,,NWT - Not With Team,,,0.0,0.0,0.0,0.0,0.0,0.0,0.0,0.0,0.0,0.0,0.0,0.0,0.0,0.0,0.0,0.0,0.0,0.0,0.0,0.0,0.0,0.0,0022400702
0022400702,1610612745,Houston,Rockets,HOU,rockets,1630578,Alperen,Sengun,A. Sengun,alperen-sengun,,DNP - Injury/Illness,,,0.0,0.0,0.0,0.0,0.0,0.0,0.0,0.0,0.0,0.0,0.0,0.0,0.0,0.0,0.0,0.0,0.0,0.0,0.0,0.0,0.0,0.0,0022400702
0022400702,1610612745,Houston,Rockets,HOU,rockets,1631095,Jabari,Smith Jr.,J. Smith Jr.,jabari-smith-jr,,DND - Injury/Illness,,,0.0,0.0,0.0,0.0,0.0,0.0,0.0,0.0,0.0,0.0,0.0,0.0,0.0,0.0,0.0,0.0,0.0,0.0,0.0,0.0,0.0,0.0,0022400702
0022400702,1610612745,Houston,Rockets,HOU,rockets,1627832,Fred,VanVleet,F. VanVleet,fred-vanvleet,,DND - Injury/Illness,,,0.0,0.0,0.0,0.0,0.0,0.0,0.0,0.0,0.0,0.0,0.0,0.0,0.0,0.0,0.0,0.0,0.0,0.0,0.0,0.0,0.0,0.0,0022400702
0022400702,1610612745,Houston,Rockets,HOU,rockets,1631466,Nate,Williams,N. Williams,nate-williams,,DNP - Coach's Decision,,,0.0,0.0,0.0,0.0,0.0,0.0,0.0,0.0,0.0,0.0,0.0,0.0,0.0,0.0,0.0,0.0,0.0,0.0,0.0,0.0,0.0,0.0,0022400702
0022400702,1610612752,New York,Knicks,NYK,knicks,1630173,Precious,Achiuwa,P. Achiuwa,precious-achiuwa,F,,,34:28,113.5,114.7,107.8,110.8,5.7,3.9,0.0,0.0,0.0,0.086,0.146,0.118,0.0,0.667,0.735,0.057,0.059,105.76,103.75,86.46,75.0,0.088,0022400702
0022400702,1610612752,New York,Knicks,NYK,knicks,1628404,Josh,Hart,J. Hart,josh-hart,F,,,40:04,112.5,118.6,113.9,118.2,-1.5,0.4,0.161,1.25,22.7,0.051,0.14,0.098,18.2,0.667,0.713,0.17,0.171,108.99,104.23,86.86,86.0,0.127,0022400702
0022400702,1610612752,New York,Knicks,NYK,knicks,1626157,Karl-Anthony,Towns,K. Towns,karl-anthony-towns,C,,,38:29,118.8,126.5,105.5,108.5,13.4,18.0,0.061,2.0,8.0,0.053,0.159,0.11,4.0,0.475,0.495,0.235,0.234,107.73,102.89,85.74,83.0,0.08,0022400702
0022400702,1610612752,New York,Knicks,NYK,knicks,1628969,Mikal,Bridges,M. Bridges,mikal-bridges,G,,,39:17,130.0,138.1,100.0,102.4,30.0,35.7,0.118,4.0,16.7,0.028,0.043,0.037,4.2,0.556,0.557,0.204,0.204,107.62,103.25,86.04,84.0,0.106,0022400702
0022400702,1610612752,New York,Knicks,NYK,knicks,1628973,Jalen,Brunson,J. Brunson,jalen-brunson,G,,,36:47,125.6,132.1,112.7,116.7,12.9,15.4,0.4,2.5,21.3,0.059,0.098,0.08,8.5,0.537,0.633,0.407,0.407,106.19,101.8,84.84,78.0,0.235,0022400702
0022400702,1610612752,New York,Knicks,NYK,knicks,1630574,Ariel,Hukporti,A. Hukporti,ariel-hukporti,,,,8:25,80.2,86.7,148.4,150.0,-68.1,-63.3,0.0,0.0,0.0,0.083,0.1,0.091,0.0,0.0,0.0,0.0,0.0,98.07,94.08,78.4,15.0,-0.055,0022400702
0022400702,1610612752,New York,Knicks,NYK,knicks,1630540,Miles,McBride,M. McBride,miles-mcbride,,,,25:34,112.2,117.9,111.2,117.2,1.1,0.6,0.05,1.0,11.1,0.0,0.029,0.016,11.1,0.5,0.5,0.121,0.123,112.59,106.99,89.16,56.0,0.038,0022400702
0022400702,1610612752,New York,Knicks,NYK,knicks,1629013,Landry,Shamet,L. Shamet,landry-shamet,,,,5:41,33.3,33.3,112.6,115.4,-79.3,-82.1,0.0,0.0,0.0,0.091,0.0,0.048,0.0,0.0,0.0,0.063,0.067,106.92,105.57,87.98,12.0,-0.033,0022400702
0022400702,1610612752,New York,Knicks,NYK,knicks,1626166,Cameron,Payne,C. Payne,cameron-payne,,,,11:03,89.4,92.6,108.5,112.5,-19.1,-19.9,0.333,0.0,28.6,0.0,0.071,0.033,0.0,0.5,0.5,0.156,0.161,114.7,110.7,92.25,27.0,0.138,0022400702
0022400702,1610612752,New York,Knicks,NYK,knicks,1630579,Jericho,Sims,J. Sims,jericho-sims,,,,0:11,0.0,0.0,0.0,0.0,0.0,0.0,0.0,0.0,0.0,0.0,0.0,0.0,0.0,0.0,0.0,0.0,0.0,127.43,127.43,106.19,0.0,0.0,0022400702
0022400702,1610612752,New York,Knicks,NYK,knicks,1642278,Tyler,Kolek,T. Kolek,tyler-kolek,,DNP - Coach's Decision,,,0.0,0.0,0.0,0.0,0.0,0.0,0.0,0.0,0.0,0.0,0.0,0.0,0.0,0.0,0.0,0.0,0.0,0.0,0.0,0.0,0.0,0.0,0022400702
0022400702,1610612752,New York,Knicks,NYK,knicks,1630346,Matt,Ryan,M. Ryan,matt-ryan,,DNP - Coach's Decision,,,0.0,0.0,0.0,0.0,0.0,0.0,0.0,0.0,0.0,0.0,0.0,0.0,0.0,0.0,0.0,0.0,0.0,0.0,0.0,0.0,0.0,0.0,0022400702
0022400703,1610612759,San Antonio,Spurs,SAS,spurs,1642264,Stephon,Castle,S. Castle,stephon-castle,F,,,28:08,100.9,98.6,106.1,107.2,-5.3,-8.7,0.278,1.0,17.9,0.031,0.152,0.092,17.9,0.588,0.573,0.295,0.313,117.85,118.6,98.83,70.0,0.113,0022400703
0022400703,1610612759,San Antonio,Spurs,SAS,spurs,203084,Harrison,Barnes,H. Barnes,harrison-barnes,F,,,27:00,82.9,82.8,111.1,114.1,-28.2,-31.3,0.0,0.0,0.0,0.0,0.156,0.082,40.0,0.667,0.667,0.074,0.075,115.27,113.78,94.81,64.0,0.04,0022400703
0022400703,1610612759,San Antonio,Spurs,SAS,spurs,1641705,Victor,Wembanyama,V. Wembanyama,victor-wembanyama,C,,,31:08,97.0,94.9,89.0,88.0,8.0,6.9,0.263,1.25,15.6,0.059,0.216,0.141,12.5,0.55,0.585,0.307,0.328,115.99,117.96,98.3,78.0,0.196,0022400703
0022400703,1610612759,San Antonio,Spurs,SAS,spurs,1630170,Devin,Vassell,D. Vassell,devin-vassell,G,,,33:46,94.4,94.7,115.9,117.3,-21.5,-22.6,0.13,1.5,15.0,0.0,0.083,0.042,10.0,0.367,0.367,0.198,0.202,108.19,107.31,89.42,76.0,0.026,0022400703
0022400703,1610612759,San Antonio,Spurs,SAS,spurs,101108,Chris,Paul,C. Paul,chris-paul,G,,,28:27,98.5,98.5,100.6,103.2,-2.0,-4.7,0.333,2.67,53.3,0.0,0.133,0.067,20.0,0.375,0.375,0.093,0.097,110.15,108.8,90.67,66.0,0.073,0022400703
0022400703,1610612759,San Antonio,Spurs,SAS,spurs,1631110,Jeremy,Sochan,J. Sochan,jeremy-sochan,,,,21:23,99.0,98.1,110.6,109.8,-11.6,-11.7,0.2,1.0,20.0,0.12,0.227,0.17,20.0,0.778,0.778,0.197,0.209,114.66,115.6,96.34,52.0,0.146,0022400703
0022400703,1610612759,San Antonio,Spurs,SAS,spurs,1629640,Keldon,Johnson,K. Johnson,keldon-johnson,,,,24:09,92.4,92.9,125.6,125.0,-33.2,-32.1,0.167,3.0,21.4,0.069,0.0,0.038,7.1,0.188,0.359,0.172,0.177,111.3,111.3,92.75,56.0,0.016,0022400703
0022400703,1610612759,San Antonio,Spurs,SAS,spurs,1630577,Julian,Champagnie,J. Champagnie,julian-champagnie,,,,20:01,74.5,75.5,116.7,118.4,-42.1,-42.9,0.0,0.0,0.0,0.0,0.227,0.104,14.3,0.417,0.417,0.127,0.13,119.13,117.5,97.92,49.0,0.052,0022400703
0022400703,1610612759,San Antonio,Spurs,SAS,spurs,1631104,Blake,Wesley,B. Wesley,blake-wesley,,,,5:53,94.5,92.9,145.3,142.9,-50.9,-50.0,1.0,3.0,50.0,0.0,0.0,0.0,16.7,1.0,1.064,0.214,0.218,112.26,114.22,95.18,14.0,0.113,0022400703
0022400703,1610612759,San Antonio,Spurs,SAS,spurs,1629646,Charles,Bassey,C. Bassey,charles-bassey,,,,6:44,74.5,68.8,176.2,180.0,-101.7,-111.3,0.5,0.0,20.0,0.125,0.25,0.167,0.0,0.333,0.515,0.235,0.254,107.22,110.5,92.08,16.0,0.086,0022400703
0022400703,1610612759,San Antonio,Spurs,SAS,spurs,1631127,Harrison,Ingram,H. Ingram,harrison-ingram,,,,3:46,148.4,144.4,152.3,133.3,-3.9,11.1,0.0,0.0,0.0,0.0,0.25,0.167,0.0,0.0,0.0,0.111,0.114,106.02,114.69,95.58,9.0,0.0,0022400703
0022400703,1610612759,San Antonio,Spurs,SAS,spurs,1630572,Sandro,Mamukelashvili,S. Mamukelashvili,sandro-mamukelashvili,,,,3:46,148.4,144.4,152.3,133.3,-3.9,11.1,0.0,0.0,0.0,0.0,0.0,0.0,0.0,1.333,1.16,0.444,0.457,106.02,114.69,95.58,9.0,0.302,0022400703
0022400703,1610612759,San Antonio,Spurs,SAS,spurs,1630561,David,Duke Jr.,D. Duke Jr.,david-duke-jr,,,,3:46,148.4,144.4,152.3,133.3,-3.9,11.1,0.0,0.0,0.0,0.0,0.5,0.333,50.0,0.0,0.0,0.222,0.228,106.02,114.69,95.58,9.0,0.0,0022400703
0022400703,1610612759,San Antonio,Spurs,SAS,spurs,1631103,Malaki,Branham,M. Branham,malaki-branham,,,,2:03,153.1,150.0,140.0,116.7,13.1,33.3,0.0,0.0,0.0,0.0,0.0,0.0,0.0,0.0,0.0,0.0,0.0,127.38,140.49,117.07,6.0,0.0,0022400703
0022400703,1610612763,Memphis,Grizzlies,MEM,grizzlies,1642377,Jaylen,Wells,J. Wells,jaylen-wells,F,,,21:51,93.1,96.1,94.1,96.2,-1.0,-0.1,0.056,1.0,20.0,0.0,0.048,0.022,20.0,0.333,0.333,0.074,0.073,117.35,114.23,95.19,51.0,-0.011,0022400703
0022400703,1610612763,Memphis,Grizzlies,MEM,grizzlies,1628991,Jaren,Jackson Jr.,J. Jackson Jr.,jaren-jackson-jr,F,,,30:53,104.6,105.6,91.3,88.0,13.3,17.6,0.176,1.5,10.3,0.031,0.147,0.091,6.9,0.548,0.621,0.342,0.343,111.92,113.48,94.56,71.0,0.175,0022400703
0022400703,1610612763,Memphis,Grizzlies,MEM,grizzlies,1641744,Zach,Edey,Z. Edey,zach-edey,C,,,25:13,140.0,142.1,95.0,94.9,45.1,47.2,0.042,1.0,6.7,0.2,0.333,0.269,6.7,0.583,0.621,0.212,0.209,111.2,110.44,92.03,57.0,0.187,0022400703
0022400703,1610612763,Memphis,Grizzlies,MEM,grizzlies,1628379,Luke,Kennard,L. Kennard,luke-kennard,G,,,21:56,99.0,101.9,89.8,92.2,9.2,9.8,0.15,3.0,30.0,0.0,0.042,0.02,10.0,0.167,0.167,0.127,0.126,115.81,112.71,93.92,52.0,0.01,0022400703
0022400703,1610612763,Memphis,Grizzlies,MEM,grizzlies,1629630,Ja,Morant,J. Morant,ja-morant,G,,,29:07,108.1,110.3,93.7,95.7,14.3,14.6,0.55,2.75,32.4,0.03,0.065,0.047,11.8,0.611,0.647,0.307,0.305,115.23,112.93,94.1,68.0,0.207,0022400703
0022400703,1610612763,Memphis,Grizzlies,MEM,grizzlies,1630583,Santi,Aldama,S. Aldama,santi-aldama,,,,21:11,97.2,100.0,101.8,98.1,-4.6,1.9,0.059,1.0,12.5,0.0,0.24,0.118,12.5,0.5,0.5,0.125,0.124,118.48,118.93,99.11,52.0,0.038,0022400703
0022400703,1610612763,Memphis,Grizzlies,MEM,grizzlies,1641713,GG,Jackson,G. Jackson,gg-jackson,,,,28:16,118.0,115.2,98.3,100.0,19.7,15.2,0.056,0.25,4.0,0.0,0.133,0.068,16.0,0.65,0.66,0.333,0.341,113.4,113.77,94.81,66.0,0.145,0022400703
0022400703,1610612763,Memphis,Grizzlies,MEM,grizzlies,1630590,Scotty,Pippen Jr.,S. Pippen Jr.,scotty-pippen-jr,,,,21:55,127.6,125.5,96.8,98.0,30.8,27.5,0.278,5.0,33.3,0.0,0.038,0.02,6.7,0.5,0.59,0.172,0.175,109.24,109.51,91.25,51.0,0.119,0022400703
0022400703,1610612763,Memphis,Grizzlies,MEM,grizzlies,1631222,Jake,LaRavia,J. LaRavia,jake-laravia,,,,24:04,129.0,127.3,97.1,96.4,31.9,30.9,0.125,0.0,37.5,0.115,0.154,0.135,0.0,0.625,0.615,0.079,0.08,108.62,109.73,91.44,55.0,0.099,0022400703
0022400703,1610612763,Memphis,Grizzlies,MEM,grizzlies,1629723,John,Konchar,J. Konchar,john-konchar,,,,11:53,123.5,121.4,94.3,92.6,29.3,28.8,0.273,0.0,75.0,0.0,0.231,0.125,0.0,1.0,1.0,0.033,0.034,109.14,111.08,92.57,28.0,0.13,0022400703
0022400703,1610612763,Memphis,Grizzlies,MEM,grizzlies,1642530,Yuki,Kawamura,Y. Kawamura,yuki-kawamura,,,,2:03,140.0,116.7,153.1,150.0,-13.1,-33.3,0.333,0.0,100.0,0.0,1.0,0.25,0.0,0.0,0.0,0.0,0.0,127.38,140.49,117.07,6.0,0.108,0022400703
0022400703,1610612763,Memphis,Grizzlies,MEM,grizzlies,1642389,Zyon,Pullin,Z. Pullin,zyon-pullin,,,,0:50,100.0,66.7,100.0,100.0,0.0,-33.3,0.0,0.0,0.0,0.0,0.0,0.0,0.0,0.0,0.0,0.0,0.0,116.36,145.45,121.21,3.0,0.0,0022400703
0022400703,1610612763,Memphis,Grizzlies,MEM,grizzlies,1630643,Jay,Huff,J. Huff,jay-huff,,,,0:50,100.0,66.7,100.0,100.0,0.0,-33.3,0.0,0.0,0.0,0.0,0.0,0.0,0.0,0.0,0.0,0.0,0.0,116.36,145.45,121.21,3.0,0.0,0022400703
0022400704,1610612758,Sacramento,Kings,SAC,kings,201942,DeMar,DeRozan,D. DeRozan,demar-derozan,F,,,37:40,116.2,120.8,121.1,125.3,-4.9,-4.6,0.318,0.0,21.2,0.0,0.116,0.062,0.0,0.6,0.617,0.286,0.292,100.46,96.86,80.72,77.0,0.184,0022400704
0022400704,1610612758,Sacramento,Kings,SAC,kings,1631099,Keegan,Murray,K. Murray,keegan-murray,F,,,39:34,115.6,121.0,122.5,126.6,-7.0,-5.6,0.033,1.0,7.1,0.051,0.116,0.085,7.1,0.727,0.745,0.135,0.14,100.93,97.05,80.88,81.0,0.106,0022400704
0022400704,1610612758,Sacramento,Kings,SAC,kings,1627734,Domantas,Sabonis,D. Sabonis,domantas-sabonis,C,,,37:12,124.5,128.8,116.7,117.8,7.9,11.0,0.097,3.0,13.6,0.139,0.146,0.143,4.5,0.333,0.397,0.218,0.222,96.27,94.21,78.51,73.0,0.047,0022400704
0022400704,1610612758,Sacramento,Kings,SAC,kings,1631165,Keon,Ellis,K. Ellis,keon-ellis,G,,,34:21,121.0,127.5,119.4,120.9,1.6,6.6,0.067,0.67,15.4,0.031,0.057,0.045,23.1,0.813,0.813,0.133,0.138,98.2,95.02,79.18,69.0,0.083,0022400704
0022400704,1610612758,Sacramento,Kings,SAC,kings,1628370,Malik,Monk,M. Monk,malik-monk,G,,,41:32,111.9,116.5,114.8,115.7,-2.9,0.8,0.179,1.25,14.7,0.023,0.159,0.091,11.8,0.478,0.525,0.282,0.297,99.44,97.08,80.9,85.0,0.109,0022400704
0022400704,1610612758,Sacramento,Kings,SAC,kings,1642269,Devin,Carter,D. Carter,devin-carter,,,,8:11,104.4,111.8,92.2,100.0,12.2,11.8,0.167,1.0,16.7,0.1,0.444,0.263,16.7,0.25,0.25,0.227,0.248,107.39,99.65,83.04,17.0,0.101,0022400704
0022400704,1610612758,Sacramento,Kings,SAC,kings,1626168,Trey,Lyles,T. Lyles,trey-lyles,,,,23:17,100.1,102.1,100.5,108.9,-0.4,-6.8,0.176,0.0,42.9,0.036,0.304,0.157,0.0,0.625,0.625,0.067,0.071,100.71,95.85,79.87,48.0,0.162,0022400704
0022400704,1610612758,Sacramento,Kings,SAC,kings,1642403,Isaac,Jones,I. Jones,isaac-jones,,,,11:54,84.7,96.0,118.5,111.1,-33.7,-15.1,0.111,0.0,25.0,0.0,0.0,0.0,0.0,0.5,0.694,0.097,0.099,108.18,104.87,87.39,25.0,0.059,0022400704
0022400704,1610612758,Sacramento,Kings,SAC,kings,203926,Doug,McDermott,D. McDermott,doug-mcdermott,,,,6:19,133.3,145.5,127.6,141.7,5.7,3.8,0.0,0.0,0.0,0.0,0.0,0.0,0.0,0.0,0.0,0.0,0.0,96.2,87.39,72.82,11.0,-0.063,0022400704
0022400704,1610612758,Sacramento,Kings,SAC,kings,203109,Jae,Crowder,J. Crowder,jae-crowder,,DNP - Coach's Decision,,,0.0,0.0,0.0,0.0,0.0,0.0,0.0,0.0,0.0,0.0,0.0,0.0,0.0,0.0,0.0,0.0,0.0,0.0,0.0,0.0,0.0,0.0,0022400704
0022400704,1610612758,Sacramento,Kings,SAC,kings,1630222,Mason,Jones,M. Jones,mason-jones,,DNP - Coach's Decision,,,0.0,0.0,0.0,0.0,0.0,0.0,0.0,0.0,0.0,0.0,0.0,0.0,0.0,0.0,0.0,0.0,0.0,0.0,0.0,0.0,0.0,0.0,0022400704
0022400704,1610612758,Sacramento,Kings,SAC,kings,203458,Alex,Len,A. Len,alex-len,,DNP - Coach's Decision,,,0.0,0.0,0.0,0.0,0.0,0.0,0.0,0.0,0.0,0.0,0.0,0.0,0.0,0.0,0.0,0.0,0.0,0.0,0.0,0.0,0.0,0.0,0022400704
0022400704,1610612750,Minnesota,Timberwolves,MIN,timberwolves,1630183,Jaden,McDaniels,J. McDaniels,jaden-mcdaniels,F,,,35:48,122.6,125.0,118.7,127.0,3.9,-2.0,0.074,0.67,8.7,0.0,0.2,0.1,13.0,0.529,0.586,0.259,0.258,102.27,97.88,81.56,72.0,0.107,0022400704
0022400704,1610612750,Minnesota,Timberwolves,MIN,timberwolves,1629675,Naz,Reid,N. Reid,naz-reid,F,,,40:17,119.9,121.0,109.3,115.9,10.6,5.1,0.12,0.0,13.6,0.024,0.095,0.06,0.0,0.763,0.772,0.207,0.207,100.47,97.11,80.92,81.0,0.164,0022400704
0022400704,1610612750,Minnesota,Timberwolves,MIN,timberwolves,203497,Rudy,Gobert,R. Gobert,rudy-gobert,C,,,40:01,122.9,127.3,121.4,127.5,1.6,-0.2,0.103,0.0,23.1,0.179,0.154,0.167,0.0,0.889,0.921,0.114,0.113,98.2,94.15,78.46,77.0,0.158,0022400704
0022400704,1610612750,Minnesota,Timberwolves,MIN,timberwolves,1630162,Anthony,Edwards,A. Edwards,anthony-edwards,G,,,37:32,119.8,124.0,114.9,120.8,4.9,3.2,0.148,1.33,13.3,0.024,0.132,0.075,10.0,0.405,0.461,0.299,0.297,101.36,97.19,80.99,75.0,0.073,0022400704
0022400704,1610612750,Minnesota,Timberwolves,MIN,timberwolves,201144,Mike,Conley,M. Conley,mike-conley,G,,,26:34,133.6,137.0,126.4,125.5,7.2,11.6,0.36,0.0,52.9,0.033,0.105,0.061,0.0,0.313,0.313,0.123,0.122,99.4,98.49,82.08,54.0,0.06,0022400704
0022400704,1610612750,Minnesota,Timberwolves,MIN,timberwolves,1642265,Rob,Dillingham,R. Dillingham,rob-dillingham,,,,14:24,81.9,85.7,104.3,103.4,-22.5,-17.7,0.5,2.0,36.4,0.0,0.0,0.0,18.2,0.4,0.4,0.233,0.239,96.8,95.0,79.17,28.0,0.063,0022400704
0022400704,1610612750,Minnesota,Timberwolves,MIN,timberwolves,1629638,Nickeil,Alexander-Walker,N. Alexander-Walker,nickeil-alexander-walker,,,,22:34,98.6,107.1,97.5,102.2,1.1,5.0,0.118,0.0,28.6,0.0,0.032,0.019,0.0,0.2,0.2,0.106,0.105,99.8,93.59,77.99,42.0,-0.025,0022400704
0022400704,1610612750,Minnesota,Timberwolves,MIN,timberwolves,1630568,Luka,Garza,L. Garza,luka-garza,,,,4:49,60.7,66.7,82.0,72.7,-21.2,-6.1,0.0,0.0,0.0,0.111,0.0,0.067,0.0,0.2,0.34,0.5,0.505,97.86,99.65,83.04,9.0,-0.053,0022400704
0022400704,1610612750,Minnesota,Timberwolves,MIN,timberwolves,1641740,Jaylen,Clark,J. Clark,jaylen-clark,,,,18:00,115.0,123.5,114.6,110.5,0.4,13.0,0.077,0.0,14.3,0.0,0.0,0.0,0.0,0.5,0.595,0.15,0.148,97.52,95.97,79.98,34.0,0.053,0022400704
0022400704,1610612750,Minnesota,Timberwolves,MIN,timberwolves,204060,Joe,Ingles,J. Ingles,joe-ingles,,,,0:01,0.0,0.0,0.0,0.0,0.0,0.0,0.0,0.0,0.0,0.0,0.0,0.0,0.0,0.0,0.0,0.0,0.0,2057.14,4114.52,3428.77,1.0,0.0,0022400704
0022400704,1610612750,Minnesota,Timberwolves,MIN,timberwolves,1631159,Leonard,Miller,L. Miller,leonard-miller,,DNP - Coach's Decision,,,0.0,0.0,0.0,0.0,0.0,0.0,0.0,0.0,0.0,0.0,0.0,0.0,0.0,0.0,0.0,0.0,0.0,0.0,0.0,0.0,0.0,0.0,0022400704
0022400704,1610612750,Minnesota,Timberwolves,MIN,timberwolves,1631169,Josh,Minott,J. Minott,josh-minott,,DNP - Coach's Decision,,,0.0,0.0,0.0,0.0,0.0,0.0,0.0,0.0,0.0,0.0,0.0,0.0,0.0,0.0,0.0,0.0,0.0,0.0,0.0,0.0,0.0,0.0,0022400704
0022400704,1610612750,Minnesota,Timberwolves,MIN,timberwolves,1630545,Terrence,Shannon Jr.,T. Shannon Jr.,terrence-shannon-jr,,DNP - Coach's Decision,,,0.0,0.0,0.0,0.0,0.0,0.0,0.0,0.0,0.0,0.0,0.0,0.0,0.0,0.0,0.0,0.0,0.0,0.0,0.0,0.0,0.0,0.0,0022400704
0022400705,1610612749,Milwaukee,Bucks,MIL,bucks,1641748,Andre,Jackson Jr.,A. Jackson Jr.,andre-jackson-jr,F,,,22:32,81.9,82.0,145.6,150.0,-63.7,-68.0,0.154,2.0,16.7,0.1,0.056,0.083,8.3,0.563,0.563,0.169,0.178,108.24,106.53,88.78,50.0,0.088,0022400705
0022400705,1610612749,Milwaukee,Bucks,MIL,bucks,1627752,Taurean,Prince,T. Prince,taurean-prince,F,,,15:33,93.2,97.0,156.6,169.7,-63.4,-72.7,0.2,2.0,20.0,0.0,0.182,0.071,10.0,0.571,0.571,0.211,0.214,108.16,101.86,84.89,33.0,0.058,0022400705
0022400705,1610612749,Milwaukee,Bucks,MIL,bucks,1641753,Chris,Livingston,C. Livingston,chris-livingston,C,,,26:29,81.1,86.0,97.9,100.0,-16.8,-14.0,0.0,0.0,0.0,0.032,0.156,0.095,15.4,0.4,0.425,0.203,0.202,107.48,103.31,86.09,57.0,0.065,0022400705
0022400705,1610612749,Milwaukee,Bucks,MIL,bucks,1631157,Ryan,Rollins,R. Rollins,ryan-rollins,G,,,18:20,100.4,100.0,144.5,145.2,-44.2,-45.2,0.1,0.33,6.7,0.0,0.0,0.0,20.0,0.667,0.743,0.304,0.312,111.33,111.27,92.73,43.0,0.134,0022400705
0022400705,1610612749,Milwaukee,Bucks,MIL,bucks,1631260,AJ,Green,A. Green,aj-green,G,,,21:04,86.1,93.3,157.4,163.0,-71.3,-69.7,0.188,1.5,33.3,0.0,0.077,0.025,22.2,0.25,0.25,0.115,0.116,109.8,103.65,86.37,45.0,0.009,0022400705
0022400705,1610612749,Milwaukee,Bucks,MIL,bucks,1629018,Gary,Trent Jr.,G. Trent Jr.,gary-trent-jr,,,,20:30,92.8,91.3,140.4,140.0,-47.6,-48.7,0.1,0.0,7.7,0.0,0.059,0.023,0.0,0.409,0.421,0.222,0.239,105.59,106.57,88.81,46.0,0.04,0022400705
0022400705,1610612749,Milwaukee,Bucks,MIL,bucks,1641890,Tyler,Smith,T. Smith,tyler-smith,,,,27:16,90.6,93.2,91.6,88.3,-1.0,4.9,0.2,1.0,13.6,0.056,0.143,0.099,13.6,0.367,0.378,0.271,0.285,104.39,104.74,87.29,59.0,0.063,0022400705
0022400705,1610612749,Milwaukee,Bucks,MIL,bucks,1642358,AJ,Johnson,A. Johnson,aj-johnson,,,,29:06,87.0,89.1,92.1,89.1,-5.1,0.0,0.286,2.0,21.1,0.0,0.108,0.053,10.5,0.5,0.505,0.2,0.21,105.04,105.57,87.97,64.0,0.124,0022400705
0022400705,1610612749,Milwaukee,Bucks,MIL,bucks,1626192,Pat,Connaughton,P. Connaughton,pat-connaughton,,,,20:57,96.4,100.0,139.0,131.3,-42.6,-31.3,0.083,0.0,14.3,0.069,0.067,0.068,0.0,0.583,0.621,0.109,0.114,106.59,107.68,89.74,46.0,0.056,0022400705
0022400705,1610612749,Milwaukee,Bucks,MIL,bucks,1626153,Delon,Wright,D. Wright,delon-wright,,,,21:13,88.1,91.1,90.4,91.3,-2.3,-0.2,0.2,0.0,37.5,0.0,0.111,0.058,0.0,0.0,0.102,0.098,0.101,105.16,102.94,85.78,45.0,0.06,0022400705
0022400705,1610612749,Milwaukee,Bucks,MIL,bucks,1630699,MarJon,Beauchamp,M. Beauchamp,marjon-beauchamp,,,,17:00,81.9,86.5,64.1,60.5,17.8,26.0,0.4,0.0,33.3,0.048,0.2,0.13,0.0,0.357,0.381,0.195,0.195,105.78,105.84,88.2,37.0,0.185,0022400705
0022400705,1610612760,Oklahoma City,Thunder,OKC,thunder,1629652,Luguentz,Dort,L. Dort,luguentz-dort,F,,,20:36,145.2,152.2,82.6,85.1,62.6,67.1,0.0,0.0,0.0,0.0,0.083,0.053,16.7,1.25,1.23,0.113,0.113,112.54,108.35,90.29,46.0,0.11,0022400705
0022400705,1610612760,Oklahoma City,Thunder,OKC,thunder,1629026,Kenrich,Williams,K. Williams,kenrich-williams,F,,,21:46,141.4,144.9,99.4,96.1,42.0,48.8,0.154,4.0,28.6,0.1,0.043,0.07,7.1,0.222,0.222,0.172,0.175,109.69,110.26,91.88,49.0,0.009,0022400705
0022400705,1610612760,Oklahoma City,Thunder,OKC,thunder,1628392,Isaiah,Hartenstein,I. Hartenstein,isaiah-hartenstein,C,,,18:29,143.5,148.8,85.3,88.1,58.2,60.7,0.143,1.0,23.1,0.25,0.36,0.324,23.1,0.429,0.429,0.217,0.215,111.56,107.77,89.81,41.0,0.144,0022400705
0022400705,1610612760,Oklahoma City,Thunder,OKC,thunder,1630598,Aaron,Wiggins,A. Wiggins,aaron-wiggins,G,,,25:40,143.5,142.4,100.7,101.7,42.9,40.7,0.148,4.0,28.6,0.0,0.032,0.02,7.1,0.722,0.722,0.149,0.153,110.45,110.34,91.95,59.0,0.112,0022400705
0022400705,1610612760,Oklahoma City,Thunder,OKC,thunder,1628983,Shai,Gilgeous-Alexander,S. Gilgeous-Alexander,shai-gilgeous-alexander,G,,,22:24,144.5,151.0,74.9,78.4,69.6,72.6,0.375,2.0,20.7,0.0,0.1,0.065,10.3,0.842,0.837,0.404,0.402,112.07,107.14,89.29,49.0,0.335,0022400705
0022400705,1610612760,Oklahoma City,Thunder,OKC,thunder,1631172,Ousmane,Dieng,O. Dieng,ousmane-dieng,,,,31:01,101.1,97.0,93.7,98.5,7.3,-1.4,0.278,1.25,22.7,0.083,0.128,0.107,18.2,0.808,0.808,0.221,0.232,102.59,102.12,85.1,67.0,0.21,0022400705
0022400705,1610612760,Oklahoma City,Thunder,OKC,thunder,1631119,Jaylin,Williams,J. Williams,jaylin-williams,,,,26:17,107.0,105.2,88.4,92.9,18.6,12.3,0.0,0.0,0.0,0.1,0.129,0.115,18.2,0.722,0.722,0.162,0.169,105.78,104.1,86.75,58.0,0.104,0022400705
0022400705,1610612760,Oklahoma City,Thunder,OKC,thunder,1630198,Isaiah,Joe,I. Joe,isaiah-joe,,,,22:38,141.6,134.0,96.1,100.0,45.5,34.0,0.091,0.0,16.7,0.0,0.1,0.064,0.0,0.833,0.872,0.179,0.188,103.15,103.92,86.6,50.0,0.155,0022400705
0022400705,1610612760,Oklahoma City,Thunder,OKC,thunder,1641794,Dillon,Jones,D. Jones,dillon-jones,,,,25:19,88.1,87.0,82.9,88.5,5.3,-1.4,0.211,2.0,44.4,0.03,0.222,0.13,22.2,0.0,0.0,0.079,0.082,103.18,100.49,83.74,54.0,0.068,0022400705
0022400705,1610612760,Oklahoma City,Thunder,OKC,thunder,1642505,Alex,Ducas,A. Ducas,alex-ducas,,,,13:50,53.3,55.2,80.0,82.1,-26.6,-27.0,0.0,0.0,0.0,0.077,0.294,0.163,0.0,0.167,0.167,0.162,0.167,101.98,98.93,82.44,29.0,0.069,0022400705
0022400705,1610612760,Oklahoma City,Thunder,OKC,thunder,1641745,Adam,Flagler,A. Flagler,adam-flagler,,,,12:00,36.0,36.0,81.5,87.5,-45.5,-51.5,0.0,0.0,0.0,0.0,0.0,0.0,0.0,0.091,0.091,0.367,0.379,101.52,98.0,81.67,25.0,-0.3,0022400705
0022400705,1610612760,Oklahoma City,Thunder,OKC,thunder,1631114,Jalen,Williams,J. Williams,jalen-williams,,DND - Injury/Illness,,,0.0,0.0,0.0,0.0,0.0,0.0,0.0,0.0,0.0,0.0,0.0,0.0,0.0,0.0,0.0,0.0,0.0,0.0,0.0,0.0,0.0,0.0,0022400705
0022400706,1610612740,New Orleans,Pelicans,NOP,pelicans,1630530,Trey,Murphy III,T. Murphy III,trey-murphy-iii,F,,,37:52,119.0,114.1,129.3,127.3,-10.3,-13.2,0.188,0.0,11.1,0.023,0.054,0.038,0.0,0.81,0.851,0.267,0.276,95.45,98.24,81.87,78.0,0.22,0022400706
0022400706,1610612740,New Orleans,Pelicans,NOP,pelicans,1629627,Zion,Williamson,Z. Williamson,zion-williamson,F,,,28:21,137.3,128.8,129.2,131.6,8.1,-2.8,0.25,5.0,22.7,0.038,0.167,0.107,4.5,0.385,0.448,0.254,0.273,96.0,98.2,81.83,59.0,0.085,0022400706
0022400706,1610612740,New Orleans,Pelicans,NOP,pelicans,1642274,Yves,Missi,Y. Missi,yves-missi,C,,,34:01,144.6,137.9,128.1,131.8,16.5,6.1,0.111,1.5,21.4,0.156,0.029,0.09,14.3,0.444,0.444,0.141,0.151,92.33,93.14,77.62,66.0,0.038,0022400706
0022400706,1610612740,New Orleans,Pelicans,NOP,pelicans,1629750,Javonte,Green,J. Green,javonte-green,G,,,28:24,120.2,119.0,131.1,132.2,-10.9,-13.2,0.083,0.0,25.0,0.034,0.097,0.067,0.0,0.3,0.34,0.09,0.093,98.75,98.86,82.38,58.0,0.024,0022400706
0022400706,1610612740,New Orleans,Pelicans,NOP,pelicans,203468,CJ,McCollum,C. McCollum,cj-mccollum,G,,,34:53,125.7,123.6,135.9,135.3,-10.2,-11.7,0.263,1.67,15.6,0.0,0.171,0.081,9.4,0.568,0.62,0.318,0.326,95.3,96.34,80.29,72.0,0.129,0022400706
0022400706,1610612740,New Orleans,Pelicans,NOP,pelicans,1641722,Jordan,Hawkins,J. Hawkins,jordan-hawkins,,,,14:28,76.9,75.0,133.2,131.0,-56.3,-56.0,0.143,0.5,14.3,0.0,0.143,0.061,28.6,0.0,0.0,0.162,0.17,99.1,101.22,84.35,32.0,-0.055,0022400706
0022400706,1610612740,New Orleans,Pelicans,NOP,pelicans,1631255,Karlo,Matković,K. Matković,karlo-matković,,,,27:01,106.0,101.9,127.9,124.5,-21.9,-22.6,0.235,4.0,36.4,0.161,0.231,0.193,9.1,0.3,0.425,0.113,0.117,91.11,94.17,78.47,53.0,0.082,0022400706
0022400706,1610612740,New Orleans,Pelicans,NOP,pelicans,1630526,Jeremiah,Robinson-Earl,J. Robinson-Earl,jeremiah-robinson-earl,,,,8:13,81.9,81.3,162.6,150.0,-80.7,-68.8,0.0,0.0,0.0,0.083,0.0,0.05,0.0,0.0,0.0,0.05,0.053,89.5,93.47,77.89,16.0,-0.045,0022400706
0022400706,1610612740,New Orleans,Pelicans,NOP,pelicans,1630631,Jose,Alvarado,J. Alvarado,jose-alvarado,,,,22:17,112.0,109.5,128.0,131.0,-16.0,-21.4,0.308,4.0,33.3,0.0,0.083,0.039,8.3,0.571,0.571,0.16,0.17,90.53,90.48,75.4,42.0,0.055,0022400706
0022400706,1610612740,New Orleans,Pelicans,NOP,pelicans,1641810,Antonio,Reeves,A. Reeves,antonio-reeves,,,,4:31,175.0,175.0,114.9,133.3,60.1,41.7,0.0,0.0,0.0,0.0,0.0,0.0,0.0,1.5,1.5,0.125,0.125,97.98,90.33,75.28,8.0,0.111,0022400706
0022400706,1610612740,New Orleans,Pelicans,NOP,pelicans,1631288,Jamal,Cain,J. Cain,jamal-cain,,DNP - Coach's Decision,,,0.0,0.0,0.0,0.0,0.0,0.0,0.0,0.0,0.0,0.0,0.0,0.0,0.0,0.0,0.0,0.0,0.0,0.0,0.0,0.0,0.0,0.0,0022400706
0022400706,1610612740,New Orleans,Pelicans,NOP,pelicans,1628464,Daniel,Theis,D. Theis,daniel-theis,,DNP - Injury/Illness,,,0.0,0.0,0.0,0.0,0.0,0.0,0.0,0.0,0.0,0.0,0.0,0.0,0.0,0.0,0.0,0.0,0.0,0.0,0.0,0.0,0.0,0.0,0022400706
0022400706,1610612743,Denver,Nuggets,DEN,nuggets,1629008,Michael,Porter Jr.,M. Porter Jr.,michael-porter-jr,F,,,39:30,135.7,135.9,111.2,108.9,24.5,27.0,0.08,2.0,7.4,0.103,0.064,0.081,3.7,0.705,0.744,0.284,0.287,94.47,95.39,79.49,78.0,0.169,0022400706
0022400706,1610612743,Denver,Nuggets,DEN,nuggets,1630192,Zeke,Nnaji,Z. Nnaji,zeke-nnaji,F,,,31:12,132.3,135.5,133.4,129.7,-1.0,5.8,0.0,0.0,0.0,0.061,0.097,0.078,10.0,0.667,0.667,0.135,0.136,96.7,96.91,80.76,62.0,0.042,0022400706
0022400706,1610612743,Denver,Nuggets,DEN,nuggets,203999,Nikola,Jokić,N. Jokić,nikola-jokić,C,,,36:04,127.7,127.4,114.9,109.3,12.8,18.1,0.417,10.0,34.5,0.027,0.325,0.182,3.4,0.731,0.776,0.229,0.232,95.93,98.48,82.07,73.0,0.261,0022400706
0022400706,1610612743,Denver,Nuggets,DEN,nuggets,1631128,Christian,Braun,C. Braun,christian-braun,G,,,40:58,128.9,130.9,132.2,128.4,-3.3,2.5,0.114,0.0,21.1,0.047,0.095,0.071,0.0,0.357,0.37,0.156,0.157,94.27,94.91,79.09,81.0,0.049,0022400706
0022400706,1610612743,Denver,Nuggets,DEN,nuggets,1627750,Jamal,Murray,J. Murray,jamal-murray,G,,,35:22,143.2,143.5,117.5,112.5,25.7,31.0,0.296,0.0,29.6,0.03,0.095,0.067,0.0,0.441,0.521,0.244,0.243,93.68,95.69,79.74,69.0,0.113,0022400706
0022400706,1610612743,Denver,Nuggets,DEN,nuggets,1631124,Julian,Strawther,J. Strawther,julian-strawther,,,,23:40,126.1,127.7,112.8,108.5,13.2,19.1,0.125,1.0,13.3,0.04,0.083,0.061,13.3,0.65,0.638,0.228,0.234,94.12,95.34,79.45,47.0,0.124,0022400706
0022400706,1610612743,Denver,Nuggets,DEN,nuggets,1641816,Hunter,Tyson,H. Tyson,hunter-tyson,,,,8:41,119.6,111.8,92.2,89.5,27.5,22.3,0.0,0.0,0.0,0.0,0.167,0.1,0.0,0.0,0.0,0.0,0.0,94.86,99.5,82.92,17.0,0.067,0022400706
0022400706,1610612743,Denver,Nuggets,DEN,nuggets,1629618,Jalen,Pickett,J. Pickett,jalen-pickett,,,,12:34,102.7,104.0,125.6,120.0,-22.9,-16.0,0.167,0.0,33.3,0.067,0.0,0.04,0.0,0.0,0.0,0.129,0.132,94.0,95.53,79.61,25.0,-0.009,0022400706
0022400706,1610612743,Denver,Nuggets,DEN,nuggets,201599,DeAndre,Jordan,D. Jordan,deandre-jordan,,,,11:56,141.3,152.4,138.9,140.9,2.5,11.5,0.0,0.0,0.0,0.167,0.083,0.125,0.0,0.667,0.667,0.111,0.109,90.42,86.48,72.07,21.0,0.092,0022400706
0022400706,1610612743,Denver,Nuggets,DEN,nuggets,1642461,Spencer,Jones,S. Jones,spencer-jones,,,,0:04,0.0,0.0,0.0,0.0,0.0,0.0,0.0,0.0,0.0,0.0,0.0,0.0,0.0,0.0,0.0,0.0,0.0,0.0,411.43,342.86,0.0,0.0,0022400706
0022400706,1610612743,Denver,Nuggets,DEN,nuggets,1641725,Trey,Alexander,T. Alexander,trey-alexander,,DNP - Coach's Decision,,,0.0,0.0,0.0,0.0,0.0,0.0,0.0,0.0,0.0,0.0,0.0,0.0,0.0,0.0,0.0,0.0,0.0,0.0,0.0,0.0,0.0,0.0,0022400706
0022400706,1610612743,Denver,Nuggets,DEN,nuggets,1641790,PJ,Hall,P. Hall,pj-hall,,DNP - Coach's Decision,,,0.0,0.0,0.0,0.0,0.0,0.0,0.0,0.0,0.0,0.0,0.0,0.0,0.0,0.0,0.0,0.0,0.0,0.0,0.0,0.0,0.0,0.0,0022400706
0022400706,1610612743,Denver,Nuggets,DEN,nuggets,203967,Dario,Šarić,D. Šarić,dario-šarić,,DNP - Coach's Decision,,,0.0,0.0,0.0,0.0,0.0,0.0,0.0,0.0,0.0,0.0,0.0,0.0,0.0,0.0,0.0,0.0,0.0,0.0,0.0,0.0,0.0,0.0,0022400706
0022400707,1610612754,Indiana,Pacers,IND,pacers,1631097,Bennedict,Mathurin,B. Mathurin,bennedict-mathurin,F,,,22:17,103.2,100.0,115.7,121.3,-12.5,-21.3,0.0,0.0,0.0,0.038,0.0,0.023,0.0,0.409,0.409,0.216,0.227,103.18,102.32,85.27,48.0,0.019,0022400707
0022400707,1610612754,Indiana,Pacers,IND,pacers,1627783,Pascal,Siakam,P. Siakam,pascal-siakam,F,,,32:43,112.0,102.7,98.6,104.2,13.4,-1.5,0.19,0.0,19.0,0.028,0.122,0.078,0.0,0.571,0.661,0.213,0.23,105.55,107.1,89.25,74.0,0.165,0022400707
0022400707,1610612754,Indiana,Pacers,IND,pacers,1628418,Thomas,Bryant,T. Bryant,thomas-bryant,C,,,25:39,103.2,103.8,109.2,113.5,-6.0,-9.7,0.063,1.0,7.1,0.071,0.148,0.109,7.1,0.333,0.362,0.224,0.227,100.4,98.23,81.86,53.0,0.053,0022400707
0022400707,1610612754,Indiana,Pacers,IND,pacers,1629614,Andrew,Nembhard,A. Nembhard,andrew-nembhard,G,,,29:40,107.6,106.3,115.6,117.5,-8.0,-11.1,0.381,8.0,57.1,0.0,0.107,0.048,7.1,1.0,1.0,0.088,0.091,102.19,101.93,84.94,63.0,0.125,0022400707
0022400707,1610612754,Indiana,Pacers,IND,pacers,1630169,Tyrese,Haliburton,T. Haliburton,tyrese-haliburton,G,,,34:14,106.3,106.8,112.8,115.5,-6.5,-8.6,0.273,2.0,23.1,0.026,0.057,0.041,11.5,0.5,0.537,0.256,0.259,102.37,100.94,84.12,73.0,0.112,0022400707
0022400707,1610612754,Indiana,Pacers,IND,pacers,1630174,Aaron,Nesmith,A. Nesmith,aaron-nesmith,,,,25:43,113.7,108.5,94.9,96.4,18.8,12.0,0.095,2.0,18.2,0.038,0.158,0.109,9.1,0.75,0.793,0.143,0.149,105.64,107.32,89.44,59.0,0.161,0022400707
0022400707,1610612754,Indiana,Pacers,IND,pacers,1630167,Obi,Toppin,O. Toppin,obi-toppin,,,,19:09,113.7,108.7,102.2,100.0,11.5,8.7,0.0,0.0,0.0,0.0,0.107,0.065,9.1,0.65,0.65,0.234,0.245,109.05,112.81,94.01,46.0,0.096,0022400707
0022400707,1610612754,Indiana,Pacers,IND,pacers,204456,T.J.,McConnell,T. McConnell,tj-mcconnell,,,,13:41,115.5,106.3,83.0,84.4,32.5,21.9,0.462,3.0,40.0,0.0,0.095,0.059,13.3,0.286,0.286,0.265,0.286,108.66,112.24,93.53,32.0,0.111,0022400707
0022400707,1610612754,Indiana,Pacers,IND,pacers,1641767,Ben,Sheppard,B. Sheppard,ben-sheppard,,,,18:25,111.1,107.1,90.4,90.7,20.7,16.4,0.25,0.0,44.4,0.0,0.107,0.065,0.0,0.4,0.46,0.114,0.118,109.09,110.81,92.34,42.0,0.095,0022400707
0022400707,1610612754,Indiana,Pacers,IND,pacers,1641716,Jarace,Walker,J. Walker,jarace-walker,,,,18:29,106.1,107.5,112.0,110.0,-5.9,-2.5,0.077,0.0,12.5,0.0,0.188,0.079,0.0,0.667,0.615,0.167,0.169,103.62,103.88,86.56,40.0,0.078,0022400707
0022400707,1610612754,Indiana,Pacers,IND,pacers,1642277,Johnny,Furphy,J. Furphy,johnny-furphy,,DNP - Coach's Decision,,,0.0,0.0,0.0,0.0,0.0,0.0,0.0,0.0,0.0,0.0,0.0,0.0,0.0,0.0,0.0,0.0,0.0,0.0,0.0,0.0,0.0,0.0,0022400707
0022400707,1610612754,Indiana,Pacers,IND,pacers,201949,James,Johnson,J. Johnson,james-johnson,,DNP - Coach's Decision,,,0.0,0.0,0.0,0.0,0.0,0.0,0.0,0.0,0.0,0.0,0.0,0.0,0.0,0.0,0.0,0.0,0.0,0.0,0.0,0.0,0.0,0.0,0022400707
0022400707,1610612754,Indiana,Pacers,IND,pacers,1626167,Myles,Turner,M. Turner,myles-turner,,DND - Injury/Illness,,,0.0,0.0,0.0,0.0,0.0,0.0,0.0,0.0,0.0,0.0,0.0,0.0,0.0,0.0,0.0,0.0,0.0,0.0,0.0,0.0,0.0,0.0,0022400707
0022400707,1610612762,Utah,Jazz,UTA,jazz,1628374,Lauri,Markkanen,L. Markkanen,lauri-markkanen,F,,,33:20,107.0,109.7,113.5,111.3,-6.5,-1.5,0.042,0.0,7.1,0.051,0.147,0.096,0.0,0.591,0.606,0.146,0.148,103.25,102.96,85.8,72.0,0.086,0022400707
0022400707,1610612762,Utah,Jazz,UTA,jazz,1628381,John,Collins,J. Collins,john-collins,F,,,31:52,108.2,113.2,98.7,95.7,9.5,17.6,0.0,0.0,0.0,0.091,0.237,0.169,9.5,0.528,0.556,0.253,0.259,103.93,103.18,85.98,68.0,0.116,0022400707
0022400707,1610612762,Utah,Jazz,UTA,jazz,1631117,Walker,Kessler,W. Kessler,walker-kessler,C,,,34:00,107.1,109.9,104.6,107.2,2.5,2.6,0.04,0.33,8.3,0.111,0.231,0.173,25.0,0.6,0.557,0.125,0.128,101.3,98.81,82.34,71.0,0.081,0022400707
0022400707,1610612762,Utah,Jazz,UTA,jazz,1629012,Collin,Sexton,C. Sexton,collin-sexton,G,,,2:44,82.0,66.7,102.0,100.0,-20.1,-33.3,0.0,0.0,0.0,0.333,0.0,0.2,25.0,0.333,0.333,0.5,0.581,94.48,105.37,87.8,6.0,-0.059,0022400707
0022400707,1610612762,Utah,Jazz,UTA,jazz,1642268,Isaiah,Collier,I. Collier,isaiah-collier,G,,,31:56,104.6,102.8,100.9,97.2,3.7,5.6,0.5,5.0,41.7,0.0,0.029,0.014,8.3,0.458,0.458,0.169,0.175,103.84,106.7,88.92,71.0,0.076,0022400707
0022400707,1610612762,Utah,Jazz,UTA,jazz,1641718,Keyonte,George,K. George,keyonte-george,,,,30:58,110.5,115.2,114.6,113.8,-4.1,1.3,0.5,1.83,32.4,0.028,0.206,0.114,17.6,0.467,0.477,0.284,0.285,103.37,101.51,84.59,66.0,0.117,0022400707
0022400707,1610612762,Utah,Jazz,UTA,jazz,1630695,Micah,Potter,M. Potter,micah-potter,,,,11:27,106.8,108.0,109.2,107.7,-2.4,0.3,0.0,0.0,0.0,0.125,0.083,0.107,0.0,0.0,0.543,0.097,0.099,106.73,106.9,89.08,25.0,0.041,0022400707
0022400707,1610612762,Utah,Jazz,UTA,jazz,203903,Jordan,Clarkson,J. Clarkson,jordan-clarkson,,,,34:57,97.8,98.7,115.3,115.4,-17.5,-16.7,0.158,3.0,13.6,0.024,0.079,0.051,4.5,0.559,0.587,0.207,0.214,106.93,106.44,88.7,77.0,0.113,0022400707
0022400707,1610612762,Utah,Jazz,UTA,jazz,1642271,Kyle,Filipowski,K. Filipowski,kyle-filipowski,,,,13:52,92.6,90.9,115.8,109.1,-23.2,-18.2,0.25,0.67,15.4,0.05,0.462,0.212,23.1,0.5,0.654,0.289,0.302,109.87,114.23,95.19,33.0,0.138,0022400707
0022400707,1610612762,Utah,Jazz,UTA,jazz,1641729,Brice,Sensabaugh,B. Sensabaugh,brice-sensabaugh,,,,14:53,101.7,100.0,114.5,108.6,-12.7,-8.6,0.273,0.0,42.9,0.1,0.133,0.114,0.0,0.25,0.25,0.1,0.104,109.01,112.88,94.06,35.0,0.075,0022400707
0022400707,1610612762,Utah,Jazz,UTA,jazz,1630548,Johnny,Juzang,J. Juzang,johnny-juzang,,DNP - Coach's Decision,,,0.0,0.0,0.0,0.0,0.0,0.0,0.0,0.0,0.0,0.0,0.0,0.0,0.0,0.0,0.0,0.0,0.0,0.0,0.0,0.0,0.0,0.0,0022400707
0022400707,1610612762,Utah,Jazz,UTA,jazz,1629004,Svi,Mykhailiuk,S. Mykhailiuk,svi-mykhailiuk,,DNP - Coach's Decision,,,0.0,0.0,0.0,0.0,0.0,0.0,0.0,0.0,0.0,0.0,0.0,0.0,0.0,0.0,0.0,0.0,0.0,0.0,0.0,0.0,0.0,0.0,0022400707
0022400708,1610612753,Orlando,Magic,ORL,magic,1630532,Franz,Wagner,F. Wagner,franz-wagner,F,,,36:47,93.2,93.3,99.7,101.3,-6.5,-8.0,0.227,2.5,18.5,0.022,0.054,0.037,7.4,0.5,0.517,0.244,0.25,100.04,99.18,82.65,75.0,0.093,0022400708
0022400708,1610612753,Orlando,Magic,ORL,magic,1631094,Paolo,Banchero,P. Banchero,paolo-banchero,F,,,37:26,87.2,87.8,117.5,118.7,-30.3,-30.8,0.15,1.5,10.3,0.021,0.143,0.073,6.9,0.375,0.368,0.299,0.304,96.35,95.53,79.61,74.0,0.06,0022400708
0022400708,1610612753,Orlando,Magic,ORL,magic,1629048,Goga,Bitadze,G. Bitadze,goga-bitadze,C,,,20:09,68.2,66.7,110.8,114.6,-42.7,-48.0,0.1,0.5,7.7,0.207,0.444,0.298,15.4,0.25,0.294,0.24,0.25,99.43,98.86,82.38,42.0,0.121,0022400708
0022400708,1610612753,Orlando,Magic,ORL,magic,203484,Kentavious,Caldwell-Pope,K. Caldwell-Pope,kentavious-caldwell-pope,G,,,32:37,84.5,85.9,112.3,111.9,-27.8,-26.0,0.05,0.0,10.0,0.048,0.138,0.085,0.0,0.5,0.5,0.12,0.12,97.01,96.39,80.33,64.0,0.08,0022400708
0022400708,1610612753,Orlando,Magic,ORL,magic,1641710,Anthony,Black,A. Black,anthony-black,G,,,16:14,69.3,65.7,96.4,100.0,-27.1,-34.3,0.1,0.0,100.0,0.0,0.063,0.026,0.0,0.0,0.0,0.0,0.0,101.2,101.97,84.98,35.0,0.0,0022400708
0022400708,1610612753,Orlando,Magic,ORL,magic,203914,Gary,Harris,G. Harris,gary-harris,,,,14:18,132.1,135.7,105.2,92.9,26.9,42.9,0.0,0.0,0.0,0.0,0.0,0.0,20.0,0.75,0.75,0.147,0.148,89.76,93.99,78.32,28.0,0.0,0022400708
0022400708,1610612753,Orlando,Magic,ORL,magic,1630175,Cole,Anthony,C. Anthony,cole-anthony,,,,28:21,112.8,110.3,126.5,126.8,-13.8,-16.4,0.176,1.5,11.5,0.029,0.148,0.081,7.7,0.595,0.606,0.315,0.334,95.56,96.51,80.42,58.0,0.167,0022400708
0022400708,1610612753,Orlando,Magic,ORL,magic,1628976,Wendell,Carter Jr.,W. Carter Jr.,wendell-carter-jr,,,,27:51,126.1,126.8,104.5,105.6,21.6,21.2,0.25,7.0,58.3,0.067,0.233,0.15,8.3,0.75,0.75,0.072,0.074,95.55,94.79,78.99,56.0,0.167,0022400708
0022400708,1610612753,Orlando,Magic,ORL,magic,1641783,Tristan,da Silva,T. da Silva,tristan-da-silva,,,,10:53,129.3,128.6,95.8,100.0,33.5,28.6,0.091,1.0,25.0,0.083,0.071,0.077,25.0,0.5,0.5,0.103,0.108,92.15,90.47,75.39,21.0,0.057,0022400708
0022400708,1610612753,Orlando,Magic,ORL,magic,1628371,Jonathan,Isaac,J. Isaac,jonathan-isaac,,,,10:34,148.6,154.5,70.8,68.2,77.8,86.4,0.077,0.0,12.5,0.333,0.154,0.24,0.0,0.143,0.143,0.233,0.234,100.12,99.94,83.28,22.0,-0.022,0022400708
0022400708,1610612753,Orlando,Magic,ORL,magic,1641724,Jett,Howard,J. Howard,jett-howard,,,,4:50,160.8,166.7,90.1,66.7,70.7,100.0,0.0,0.0,0.0,0.0,0.0,0.0,0.0,1.5,1.5,0.077,0.074,105.83,119.13,99.28,12.0,0.102,0022400708
0022400708,1610612753,Orlando,Magic,ORL,magic,202709,Cory,Joseph,C. Joseph,cory-joseph,,DNP - Coach's Decision,,,0.0,0.0,0.0,0.0,0.0,0.0,0.0,0.0,0.0,0.0,0.0,0.0,0.0,0.0,0.0,0.0,0.0,0.0,0.0,0.0,0.0,0.0,0022400708
0022400708,1610612753,Orlando,Magic,ORL,magic,1630243,Trevelin,Queen,T. Queen,trevelin-queen,,DNP - Coach's Decision,,,0.0,0.0,0.0,0.0,0.0,0.0,0.0,0.0,0.0,0.0,0.0,0.0,0.0,0.0,0.0,0.0,0.0,0.0,0.0,0.0,0.0,0.0,0022400708
0022400708,1610612744,Golden State,Warriors,GSW,warriors,203952,Andrew,Wiggins,A. Wiggins,andrew-wiggins,F,,,35:08,110.4,108.5,88.5,89.9,21.9,18.6,0.111,2.0,8.3,0.0,0.043,0.026,4.2,0.536,0.607,0.286,0.302,95.53,95.64,79.7,71.0,0.137,0022400708
0022400708,1610612744,Golden State,Warriors,GSW,warriors,203110,Draymond,Green,D. Green,draymond-green,F,,,28:56,98.9,98.4,86.1,85.0,12.7,13.4,0.278,2.5,41.7,0.0,0.179,0.111,16.7,0.5,0.41,0.108,0.113,99.44,100.37,83.64,61.0,0.116,0022400708
0022400708,1610612744,Golden State,Warriors,GSW,warriors,1642366,Quinten,Post,Q. Post,quinten-post,C,,,20:26,94.0,97.6,86.8,83.3,7.2,14.3,0.273,0.0,33.3,0.0,0.292,0.156,0.0,0.5,0.595,0.13,0.135,98.57,98.66,82.22,42.0,0.23,0022400708
0022400708,1610612744,Golden State,Warriors,GSW,warriors,1627741,Buddy,Hield,B. Hield,buddy-hield,G,,,18:52,103.4,110.5,70.7,71.1,32.8,39.5,0.0,0.0,0.0,0.0,0.032,0.02,16.7,0.25,0.376,0.146,0.148,100.2,96.64,80.54,38.0,-0.04,0022400708
0022400708,1610612744,Golden State,Warriors,GSW,warriors,201939,Stephen,Curry,S. Curry,stephen-curry,G,,,34:18,106.7,107.1,95.4,97.1,11.2,10.0,0.294,1.67,15.6,0.0,0.023,0.013,9.4,0.381,0.489,0.342,0.354,98.3,97.24,81.03,70.0,0.11,0022400708
0022400708,1610612744,Golden State,Warriors,GSW,warriors,1626172,Kevon,Looney,K. Looney,kevon-looney,,,,20:30,126.9,128.9,115.3,117.1,11.7,11.9,0.4,3.0,46.2,0.304,0.296,0.3,15.4,0.2,0.2,0.149,0.15,93.94,92.49,77.07,38.0,0.127,0022400708
0022400708,1610612744,Golden State,Warriors,GSW,warriors,1627780,Gary,Payton II,G. Payton II,gary-payton-ii,,,,15:29,130.4,121.4,126.3,130.0,4.1,-8.6,0.1,0.0,20.0,0.0,0.118,0.067,0.0,0.5,0.5,0.121,0.129,88.3,89.91,74.93,28.0,0.055,0022400708
0022400708,1610612744,Golden State,Warriors,GSW,warriors,203471,Dennis,Schröder,D. Schröder,dennis-schröder,,,,18:37,115.1,113.5,133.5,127.5,-18.4,-14.0,0.111,1.0,12.5,0.0,0.111,0.048,12.5,0.75,0.75,0.152,0.157,96.27,99.26,82.71,37.0,0.089,0022400708
0022400708,1610612744,Golden State,Warriors,GSW,warriors,1641764,Brandin,Podziemski,B. Podziemski,brandin-podziemski,,,,21:19,98.8,97.7,118.1,115.9,-19.3,-18.2,0.154,1.0,20.0,0.05,0.19,0.122,20.0,0.667,0.667,0.17,0.176,96.54,97.98,81.65,43.0,0.123,0022400708
0022400708,1610612744,Golden State,Warriors,GSW,warriors,1630541,Moses,Moody,M. Moody,moses-moody,,,,23:58,106.5,106.1,111.0,110.2,-4.5,-4.1,0.0,0.0,0.0,0.0,0.04,0.019,0.0,0.833,0.79,0.19,0.194,97.64,98.16,81.8,49.0,0.144,0022400708
0022400708,1610612744,Golden State,Warriors,GSW,warriors,1630611,Gui,Santos,G. Santos,gui-santos,,,,2:27,82.0,100.0,155.3,166.7,-73.3,-66.7,0.0,0.0,0.0,0.167,0.0,0.111,100.0,0.0,0.0,0.111,0.107,134.79,117.55,97.96,6.0,-0.038,0022400708
0022400708,1610612744,Golden State,Warriors,GSW,warriors,203937,Kyle,Anderson,K. Anderson,kyle-anderson,,DNP - Coach's Decision,,,0.0,0.0,0.0,0.0,0.0,0.0,0.0,0.0,0.0,0.0,0.0,0.0,0.0,0.0,0.0,0.0,0.0,0.0,0.0,0.0,0.0,0.0,0022400708
0022400708,1610612744,Golden State,Warriors,GSW,warriors,1631218,Trayce,Jackson-Davis,T. Jackson-Davis,trayce-jackson-davis,,DNP - Coach's Decision,,,0.0,0.0,0.0,0.0,0.0,0.0,0.0,0.0,0.0,0.0,0.0,0.0,0.0,0.0,0.0,0.0,0.0,0.0,0.0,0.0,0.0,0.0,0022400708
0022400708,1610612744,Golden State,Warriors,GSW,warriors,1630322,Lindy,Waters III,L. Waters III,lindy-waters-iii,,DNP - Coach's Decision,,,0.0,0.0,0.0,0.0,0.0,0.0,0.0,0.0,0.0,0.0,0.0,0.0,0.0,0.0,0.0,0.0,0.0,0.0,0.0,0.0,0.0,0.0,0022400708
0022400709,1610612756,Phoenix,Suns,PHX,suns,1642346,Ryan,Dunn,R. Dunn,ryan-dunn,F,,,12:26,105.2,96.2,142.6,140.7,-37.4,-44.6,0.0,0.0,0.0,0.0,0.333,0.167,66.7,0.0,0.0,0.107,0.116,97.34,102.36,85.3,26.0,-0.047,0022400709
0022400709,1610612756,Phoenix,Suns,PHX,suns,201142,Kevin,Durant,K. Durant,kevin-durant,F,,,45:50,118.7,117.8,124.4,122.2,-5.7,-4.4,0.2,1.25,15.2,0.0,0.104,0.057,12.1,0.524,0.571,0.289,0.291,93.08,94.25,78.55,90.0,0.108,0022400709
0022400709,1610612756,Phoenix,Suns,PHX,suns,1630208,Nick,Richards,N. Richards,nick-richards,C,,,17:48,88.9,85.7,132.8,131.4,-43.9,-45.7,0.2,2.0,28.6,0.118,0.294,0.206,14.3,0.25,0.25,0.132,0.136,92.22,94.38,78.65,35.0,0.088,0022400709
0022400709,1610612756,Phoenix,Suns,PHX,suns,1626164,Devin,Booker,D. Booker,devin-booker,G,,,46:34,120.1,116.7,117.3,113.5,2.8,3.2,0.16,4.0,13.8,0.0,0.064,0.034,3.4,0.583,0.704,0.253,0.259,89.46,92.26,76.88,90.0,0.13,0022400709
0022400709,1610612756,Phoenix,Suns,PHX,suns,1626145,Tyus,Jones,T. Jones,tyus-jones,G,,,16:36,103.5,100.0,132.2,131.3,-28.7,-31.3,0.3,3.0,42.9,0.0,0.0,0.0,14.3,0.0,0.0,0.108,0.112,93.4,95.42,79.52,34.0,0.0,0022400709
0022400709,1610612756,Phoenix,Suns,PHX,suns,203078,Bradley,Beal,B. Beal,bradley-beal,,,,38:07,127.8,127.0,113.2,110.8,14.6,16.2,0.13,1.0,11.5,0.061,0.081,0.071,11.5,0.559,0.636,0.284,0.286,91.93,93.19,77.66,74.0,0.125,0022400709
0022400709,1610612756,Phoenix,Suns,PHX,suns,1628960,Grayson,Allen,G. Allen,grayson-allen,,,,34:03,114.5,113.6,119.4,112.3,-4.9,1.3,0.091,0.0,18.2,0.031,0.065,0.048,0.0,0.611,0.611,0.123,0.124,89.22,92.32,76.93,66.0,0.083,0022400709
0022400709,1610612756,Phoenix,Suns,PHX,suns,203486,Mason,Plumlee,M. Plumlee,mason-plumlee,,,,21:04,124.3,124.4,101.1,95.7,23.2,28.8,0.267,4.0,40.0,0.211,0.348,0.286,10.0,0.75,0.615,0.12,0.12,100.92,103.7,86.42,45.0,0.144,0022400709
0022400709,1610612756,Phoenix,Suns,PHX,suns,1626220,Royce,O'Neale,R. O'Neale,royce-oneale,,,,32:33,115.9,112.9,112.5,111.3,3.4,1.6,0.238,5.0,35.7,0.032,0.107,0.068,7.1,0.875,0.875,0.13,0.134,89.76,91.44,76.2,62.0,0.154,0022400709
0022400709,1610612756,Phoenix,Suns,PHX,suns,1629626,Bol,Bol,B. Bol,bol-bol,,DNP - Coach's Decision,,,0.0,0.0,0.0,0.0,0.0,0.0,0.0,0.0,0.0,0.0,0.0,0.0,0.0,0.0,0.0,0.0,0.0,0.0,0.0,0.0,0.0,0.0,0022400709
0022400709,1610612756,Phoenix,Suns,PHX,suns,1631221,Collin,Gillespie,C. Gillespie,collin-gillespie,,DNP - Coach's Decision,,,0.0,0.0,0.0,0.0,0.0,0.0,0.0,0.0,0.0,0.0,0.0,0.0,0.0,0.0,0.0,0.0,0.0,0.0,0.0,0.0,0.0,0.0,0022400709
0022400709,1610612756,Phoenix,Suns,PHX,suns,1642345,Oso,Ighodaro,O. Ighodaro,oso-ighodaro,,DNP - Coach's Decision,,,0.0,0.0,0.0,0.0,0.0,0.0,0.0,0.0,0.0,0.0,0.0,0.0,0.0,0.0,0.0,0.0,0.0,0.0,0.0,0.0,0.0,0.0,0022400709
0022400709,1610612756,Phoenix,Suns,PHX,suns,1627814,Damion,Lee,D. Lee,damion-lee,,DNP - Coach's Decision,,,0.0,0.0,0.0,0.0,0.0,0.0,0.0,0.0,0.0,0.0,0.0,0.0,0.0,0.0,0.0,0.0,0.0,0.0,0.0,0.0,0.0,0.0,0022400709
0022400709,1610612756,Phoenix,Suns,PHX,suns,1628420,Monté,Morris,M. Morris,monté-morris,,DNP - Coach's Decision,,,0.0,0.0,0.0,0.0,0.0,0.0,0.0,0.0,0.0,0.0,0.0,0.0,0.0,0.0,0.0,0.0,0.0,0.0,0.0,0.0,0.0,0.0,0022400709
0022400709,1610612756,Phoenix,Suns,PHX,suns,203994,Jusuf,Nurkić,J. Nurkić,jusuf-nurkić,,DNP - Coach's Decision,,,0.0,0.0,0.0,0.0,0.0,0.0,0.0,0.0,0.0,0.0,0.0,0.0,0.0,0.0,0.0,0.0,0.0,0.0,0.0,0.0,0.0,0.0,0022400709
0022400709,1610612757,Portland,Trail Blazers,POR,blazers,203924,Jerami,Grant,J. Grant,jerami-grant,F,,,41:23,112.8,108.4,127.9,124.1,-15.1,-15.7,0.148,4.0,21.1,0.068,0.054,0.062,5.3,0.5,0.504,0.152,0.16,93.0,96.27,80.23,83.0,0.057,0022400709
0022400709,1610612757,Portland,Trail Blazers,POR,blazers,1641739,Toumani,Camara,T. Camara,toumani-camara,F,,,45:06,128.2,126.7,110.1,109.2,18.2,17.5,0.033,1.0,10.0,0.0,0.125,0.059,10.0,1.063,1.063,0.09,0.093,91.17,92.06,76.72,86.0,0.098,0022400709
0022400709,1610612757,Portland,Trail Blazers,POR,blazers,1629028,Deandre,Ayton,D. Ayton,deandre-ayton,C,,,42:08,122.0,120.7,106.9,106.2,15.1,14.6,0.083,0.0,7.1,0.2,0.297,0.244,0.0,0.409,0.49,0.271,0.279,92.03,92.85,77.37,82.0,0.159,0022400709
0022400709,1610612757,Portland,Trail Blazers,POR,blazers,1630166,Deni,Avdija,D. Avdija,deni-avdija,G,,,43:30,131.3,128.0,112.9,110.7,18.3,17.3,0.192,1.25,21.7,0.0,0.211,0.11,17.4,0.792,0.845,0.196,0.202,89.59,91.6,76.33,82.0,0.127,0022400709
0022400709,1610612757,Portland,Trail Blazers,POR,blazers,1629014,Anfernee,Simons,A. Simons,anfernee-simons,G,,,41:45,122.1,115.5,122.5,117.1,-0.4,-1.6,0.357,3.33,32.3,0.025,0.026,0.025,9.7,0.313,0.366,0.216,0.23,90.73,95.44,79.53,84.0,0.03,0022400709
0022400709,1610612757,Portland,Trail Blazers,POR,blazers,1630703,Scoot,Henderson,S. Henderson,scoot-henderson,,,,22:24,114.7,108.7,106.6,106.4,8.1,2.3,0.545,3.0,31.6,0.0,0.091,0.043,10.5,0.556,0.67,0.25,0.267,97.0,99.66,83.05,46.0,0.169,0022400709
0022400709,1610612757,Portland,Trail Blazers,POR,blazers,1631101,Shaedon,Sharpe,S. Sharpe,shaedon-sharpe,,,,19:11,89.9,87.2,122.4,115.4,-32.6,-28.2,0.222,2.0,20.0,0.0,0.063,0.029,10.0,0.5,0.666,0.182,0.191,93.33,97.58,81.32,39.0,0.109,0022400709
0022400709,1610612757,Portland,Trail Blazers,POR,blazers,1642270,Donovan,Clingan,D. Clingan,donovan-clingan,,,,9:34,109.4,100.0,135.8,135.0,-26.4,-35.0,0.0,0.0,0.0,0.143,0.364,0.278,0.0,0.5,0.41,0.217,0.236,98.04,102.86,85.71,21.0,0.071,0022400709
0022400709,1610612757,Portland,Trail Blazers,POR,blazers,1630625,Dalano,Banton,D. Banton,dalano-banton,,DNP - Coach's Decision,,,0.0,0.0,0.0,0.0,0.0,0.0,0.0,0.0,0.0,0.0,0.0,0.0,0.0,0.0,0.0,0.0,0.0,0.0,0.0,0.0,0.0,0.0,0022400709
0022400709,1610612757,Portland,Trail Blazers,POR,blazers,1631200,Kris,Murray,K. Murray,kris-murray,,DNP - Coach's Decision,,,0.0,0.0,0.0,0.0,0.0,0.0,0.0,0.0,0.0,0.0,0.0,0.0,0.0,0.0,0.0,0.0,0.0,0.0,0.0,0.0,0.0,0.0,0022400709
0022400709,1610612757,Portland,Trail Blazers,POR,blazers,1629680,Matisse,Thybulle,M. Thybulle,matisse-thybulle,,DND - Injury/Illness,,,0.0,0.0,0.0,0.0,0.0,0.0,0.0,0.0,0.0,0.0,0.0,0.0,0.0,0.0,0.0,0.0,0.0,0.0,0.0,0.0,0.0,0.0,0022400709
0022400709,1610612757,Portland,Trail Blazers,POR,blazers,1631133,Jabari,Walker,J. Walker,jabari-walker,,DNP - Coach's Decision,,,0.0,0.0,0.0,0.0,0.0,0.0,0.0,0.0,0.0,0.0,0.0,0.0,0.0,0.0,0.0,0.0,0.0,0.0,0.0,0.0,0.0,0.0,0022400709
0022400709,1610612757,Portland,Trail Blazers,POR,blazers,1629057,Robert,Williams III,R. Williams III,robert-williams-iii,,DNP - Coach's Decision,,,0.0,0.0,0.0,0.0,0.0,0.0,0.0,0.0,0.0,0.0,0.0,0.0,0.0,0.0,0.0,0.0,0.0,0.0,0.0,0.0,0.0,0.0,0022400709
